280,homeassistant,assistant,home,,
115,nodemon,-2,,,
94,democracy,-2,,,
93,configurable,config,,,
89,i3-config,config,i3,,
62,demonstration,demo,,,
34,contentprovider,provider,content,,
34,configurator,config,,,
23,tsconfig,config,ts,,
22,configmap,config,map,,
18,eslintconfig,config,eslint,,
17,fontconfig,config,font,,
16,fileprovider,provider,file,,
16,configmgr,config,manage,,
16,configure,config,,,
15,ispconfig,config,isp,,
14,demography,-2,,,
13,serviceprovider,provider,service,,
13,codemommy,-2,,,
10,byexample,example,,,
10,typeprovider,provider,type,,
10,demodulation,module,,,
10,jqassistant,assistant,,,
10,autoconfig,config,auto,,
10,csgoconfig,config,game,,
9,configcat,config,,,
9,ifconfig,config,ip,,
9,xcconfig,config,,,
8,codemods,code,mode,,
8,reactnativedemo,demo,reactnative,,
8,smartconfig,config,smart,,
8,kubeconfig,config,kube,,
7,bootdemo,demo,boot,,
7,autoconfigure,config,auto,,
7,configserver,config,server,,
7,appconfig,config,app,,
7,pureconfig,config,pure,,
6,fusedlocationproviderclient,fused,provide,client,location
6,demosaicking,demo,saicking,,
6,demosaicing,demo,saicing,,
6,mixedemotions,mix,emotion,,
6,kconfig,config,,,
6,sshconfig,config,ssh,,
5,packagejson,package,json,,
5,spigotplugin,plugin,spigot,,
5,unityplugin,plugin,unity,,
5,statemanager,manager,state,,
5,tagmanager,manager,tag,,
5,servermanager,manager,server,,
5,usagestatsmanager,manager,usage,stats,
5,opsmanager,manager,ops,,
5,datamanager,manager,data,,
5,servicemanager,manager,service,,
5,redismanager,manager,redis,,
5,iqkeyboardmanager,manager,keyboard,,
5,demon,-2,,,
5,demodulator,moduel,,,
5,ppdemo,demo,,,
5,buildconfig,config,build,,
5,okconfig,config,,,
4,phpextension,extension,php,,
4,nodemodule,module,node,,
4,modulefiles,module,files,,
4,androidmodule,module,android,,
4,rpackages,package,r,,
4,swiftpackage,package,swift,,
4,thingprovider,provider,,,
4,pluginframework,plugin,framework,,
4,updateplugin,plugin,update,,
4,gridmanager,manager,grid,,
4,appmanager,manager,app,,
4,audiomanager,manager,audio,,
4,processmanager,manager,process,,
4,linearlayoutmanager,manager,linear,layout,
4,hostsmanager,manager,host,,
4,modelmanager,manager,model,,
4,logomanager,manager,logo,,
4,dbmanager,manager,db,,
4,nsfilemanager,manager,ns,file,
4,localdevelopment,development,local,,
4,nodemodule,nodejs,module,node,
4,flutterdemo,demo,flutter,,
4,demographic,-2,,,
4,edemocracy,democracy,,,
4,democratic,democracy,,,
4,configured,config,,,
4,misconfiguration,config,,,
4,goconfig,config,go,,
4,browserconfig,config,browser,,
3,browserextension,extension,browser,,
3,uiviewextension,extension,ui,view,
3,labextension,extension,lab,,
3,blogmodule,module,blog,,
3,sysmodule,module,system,,
3,javamodule,module,java,,
3,multipackage,package,,,
3,repackaged,package,,,
3,appxpackages,package,appx,,
3,mediapackage,package,media,,
3,dbprovider,provider,db,,
3,issueprovider,provider,issue,,
3,ftplugin,plugin,ftp,,
3,dllreferenceplugin,plugin,dll,refrence,
3,pluginmanager,plugin,manager,,
3,phulpplugin,plugin,phulp,,
3,craftplugins,plugin,craft,,
3,sideboardplugin,plugin,sideboard,,
3,replugin,plugin,re,,
3,keymanager,manager,key,,
3,modemmanager,manager,modem,,
3,googletagmanager,manager,google,tag,
3,configurationmanager,manager,configuration,,
3,telephonymanager,manager,telephony,,
3,pluginmanager,manager,plugin,,
3,grademanager,manager,grade,,
3,connectivitymanager,manager,connectivity,,
3,htpcmanager,manager,htpc,,
3,licensemanager,manager,license,,
3,callmanager,manager,call,,
3,eventmanager,manager,event,,
3,gamemanager,manager,game,,
3,loginmanager,manager,login,,
3,inputmanager,manager,input,,
3,configmanager,manager,config,,
3,assetmanager,manager,asset,,
3,mediaprojectionmanager,manager,media,project,
3,fastdevelopment,development,fast,,
3,webviewdemo,demo,web,demo,
3,kotlindemo,demo,kotlin,,
3,bilibilidemo,-2,,,
3,apprtcdemo,demo,apprtc,,
3,oxidemod,-2,,,
3,webpackdemo,demo,webpack,,
3,demonstrator,demo,,,
3,gamedemo,demo,game,,
3,virtualassistant,assistant,virtual,,
3,configurationmanager,config,manage,,
3,libconfig,config,lib,,
3,iconfig,config,,,
3,preconfiguration,config,,,
3,configfs,config,file,system,
3,pkgconfig,config,package,,
3,javaconfig,config,java,,
3,menuconfig,config,menu,,
3,configcenter,config,center,,
3,ipconfig,config,ip,,
3,configmanager,config,manage,,
2,appinventorextension,extension,app,,
2,kotlinextension,extension,kotlin,,
2,doctrineextensions,extension,doctrine,,
2,reactiveextensions,extension,reactive,,
2,stringextension,extension,string,,
2,nbextensions,extension,nb,,
2,swiftextension,extension,swift,,
2,unityextensions,extension,unity,,
2,vsixextensions,extension,vsix,,
2,modulex,module,,,
2,esmodule,module,es,,
2,httpmodule,module,http,,
2,memorymodule,module,memory,,
2,supermodule,module,super,,
2,gmodule,module,,,
2,javamodulesystem,module,java,system,
2,moduler,module,,,
2,codeexamples,example,code,,
2,angularexample,example,angular,,
2,reactexample,example,react,,
2,flowpackage,package,flow,,
2,buildpackage,package,build,,
2,sqlpackage,package,sql,,
2,maxmsppackage,package,maxmsp,,
2,vspackages,package,vs,,
2,metapackages,package,meta,,
2,packagecontrol,package,control,,
2,autopackage,package,auto,,
2,iloggerprovider,provider,log,,
2,stateprovider,provider,state,,
2,bukkitplugin,plugin,bukkit,,
2,typedocplugin,plugin,type,doc,
2,wechatplugin,plugin,wechat,,
2,cmsplugin,plugin,cms,,
2,minibaseplugin,plugin,mini,base,
2,dushplugin,plugin,dush,,
2,extracttextplugin,plugin,extract,text,
2,pluginbot,plugin,bot,,
2,webpackplugin,plugin,webpack,,
2,ideaplugin,plugin,idea,,
2,breakdanceplugin,plugin,dance,,
2,jqueryplugin,plugin,jquery,,
2,unityplugins,plugin,unity,,
2,scriptmanager,manager,script,,
2,imanager,manager,,,
2,musicmanager,manager,music,,
2,avdmanager,manager,avd,,
2,usagemanager,manager,usage,,
2,admanager,manager,ad,,
2,productmanager,manager,product,,
2,undomanager,manager,,,
2,banmanager,manager,ban,,
2,teampasswordmanager,manager,team,password,
2,uploadmanager,manager,upload,,
2,inventorymanager,manager,inventory,,
2,fortimanager,manager,forti,,
2,dockermanager,manager,docker,,
2,ispmanager,manager,isp,,
2,databasemanager,manager,database,,
2,webhostmanager,manager,webhost,,
2,videoplaymanager,manager,video,play,
2,qmodmanager,manager,qmod,,
2,webmanager,manager,web,,
2,xmanager,manager,,,
2,statuslayoutmanager,manager,status,layout,
2,dnsmanager,manager,dns,,
2,screenmanager,manager,screen,,
2,resourcemanager,manager,resource,,
2,managerment,manager,,,
2,usermanager,manager,user,,
2,projectmanager,manager,project,,
2,proxymanager,manager,proxy,,
2,localbroadcastmanager,manager,localbroadcast,,
2,cbcentralmanager,manager,cb,central,
2,gcmnetworkmanager,manager,gcm,network,
2,requestmanager,manager,request,,
2,pagemanager,manager,page,,
2,webdevelopmentcourse,development,web,course,
2,appdevelopment,development,app,,
2,vuedemo,demo,vue,,
2,discordemoji,emoji,discord,,
2,designpatterndemo,demo,design,pattern,
2,demomaking,demo,make,,
2,wanandroidapidemo,demo,wan,android,api
2,firdemontreal,-1,,,
2,mrdemonwolf,-1,,,
2,codemonk,-2,,,
2,demotool,demo,tool,,
2,ormlitedemo,-2,,,
2,appdemo,demo,app,,
2,apidemos,demo,api,,
2,demoiselle,-2,,,
2,demoware,demo,,,
2,tfmobiledemo,demo,tf,mobile,
2,demonstrate,demo,,,
2,voiceassistant,assistant,voice,,
2,zeroconfig,config,zero,,
2,configmaps,config,map,,
2,envconfig,config,env,,
2,awsconfig,config,aws,,
2,hciconfig,config,hci,,
2,arworldtrackingsessionconfiguration,config,,,
2,iwconfig,config,iw,,
1,webextensionstarter,extension,web,start,
1,cppphpextension,extension,cplusplus,php,
1,extensionloader,extension,loader,,
1,hubextension,extension,hub,,
1,cliextensions,extension,cli,,
1,propertyextension,extension,property,,
1,protocolextension,extension,protocol,,
1,apextension,extension,ap,,
1,extensionbuilder,extension,builder,,
1,sourceeditorextension,extension,source,edit,
1,languageextensions,extension,languages,,
1,shareextension,extension,share,,
1,hitextension,extension,hit,,
1,mutipletargetextension,extension,,,
1,swiftextensions,extension,swift,,
1,siteextension,extension,site,,
1,adobeextensions,extension,adobe,,
1,adobeextensionbuilder,extension,adobe,build,
1,notificationcontentextension,extension,notification,content,
1,mjextension,extension,,,
1,extensionmethods,extension,methods,,
1,extensionality,extension,,,
1,dragdropmodule,module,drag,drop,
1,luamodule,module,lua,,
1,unimodule,module,uni,,
1,pdmodulebuilder,module,pd,build,
1,scriptmodule,module,script,,
1,unimodules,module,uni,,
1,fhemmodule,module,fhem,,
1,hypermodules,module,hyper,,
1,gitmodules,module,git,,
1,moduleinterface,module,interface,,
1,httpmodules,module,http,,
1,storemodule,module,store,,
1,effectsmodule,module,effect,,
1,initmodule,module,init,,
1,translatemodule,module,translate,,
1,logicmodules,module,logic,,
1,modulebuild,module,build,,
1,toolbarmodule,module,toolbar,,
1,gvrpointerinputmodule,module,gvr,pointer,input
1,tsmodule,module,ts,,
1,dnnmodule,module,dnn,,
1,moduleapi,module,api,,
1,nomodule,module,,,
1,moduleconnector,module,connector,,
1,modulesync,module,sync,,
1,rsmodules,module,rs,,
1,modulescript,module,script,,
1,intermodule,module,,,
1,doctrineormmodule,module,doctrine,orm,
1,modulemanager,module,manager,,
1,linuxmodule,module,linux,,
1,testmodule,module,test,,
1,glidemodule,module,glide,,
1,powerhellmodule,module,powershell,,
1,downgrademodule,module,downgrade,,
1,upgrademodule,module,upgrade,,
1,formsmodule,module,form,,
1,androidmodulepattern,module,android,pattern,
1,ymodules,module,,,
1,scrollingmodule,module,scroll,,
1,getmodulehandle,module,handle,,
1,modulescheduler,module,scheduler,,
1,getmodulefilename,module,file,name,
1,micromodule,module,micro,,
1,libmodule,module,lib,,
1,configmodule,module,config,,
1,httpclientmodule,module,http,client,
1,routermodule,module,router,,
1,modulenotfound,module,,,
1,customdiretciveexample,example,custom,directive,
1,goexamples,example,go,,
1,exampleeventmanager,example,event,manager,
1,examplecode,example,code,,
1,counterexample,example,counter,,
1,gobyexample,example,goby,,
1,rustbyexample,example,rust,,
1,validationexampleswift,example,validate,swift,
1,livexample,example,live,,
1,kotlinexample,example,kotlin,,
1,rxswiftexample,example,rx,swift,
1,hoverflyexample,example,hover,fly,
1,springbootexample,example,Spring-boot,,
1,revitexample,example,revit,,
1,angularcrudexample,example,angular,crud,
1,swiftuiexample,example,swift,ui,
1,packageconfig,package,config,,
1,subpackages,package,,,
1,javapackager,package,java,,
1,novapackage,package,nova,,
1,dockerapplicationpackage,package,docker,application,
1,swiftpackagemanager,package,manage,swift,
1,packaged,package,,,
1,apkchannelpackage,package,apk,channel,
1,packagereference,package,reference,,
1,jpackage,package,,,
1,packagecat,package,cat,,
1,rospackages,package,ros,,
1,solutionpackager,package,solution,,
1,packagename,package,name,,
1,npmpackage,package,npm,,
1,packagebyfeature,package,feature,,
1,packageapplication,package,application,,
1,repackage,package,re,,
1,packagefile,package,file,,
1,podpackage,package,pod,,
1,packagedev,package,dev,,
1,packagemanagement,package,management,,
1,packagekit,package,kit,,
1,nsitemprovider,provider,,,
1,metadataprovider,provider,metadata,,
1,themeprovider,provider,theme,,
1,webdriverprovider,provider,web,driver,
1,serviceproviders,provider,services,,
1,contextprovider,provider,context,,
1,sqlprovider,provider,sql,,
1,oauthprovider,provider,oauth,,
1,configurationprovider,provider,configuration,,
1,openprovider,provider,open,,
1,icredentialprovider,provider,,,
1,changenotifierprovider,provider,change,notif,
1,tickerprovider,provider,ticker,,
1,contentproviderplugin,provider,content,plugin,
1,sqltypeprovider,provider,sql,type,
1,dbproviderfactory,provider,db,factory,
1,dbproviderfactories,provider,db,factory,
1,lazyprovider,provider,lazy,,
1,rngcryptoserviceprovider,provider,crypto,service,rng
1,imageprovider,provider,image,,
1,urlprovider,provider,url,,
1,dataproviders,provider,data,,
1,axiosprovider,provider,axios,,
1,fusedlocationprovider,provider,location,,
1,activedataprovider,provider,active,data,
1,awscredentialsprovider,provider,aws,credential,
1,minecraftplugin,plugin,minecraft,,
1,peplugin,plugin,,,
1,splitchunksplugin,plugin,,,
1,pluginjs,plugin,js,,
1,unturnedplugin,plugin,,,
1,pluginslist,plugin,list,,
1,taskerplugin,plugin,tasker,,
1,babelrelayplugin,plugin,babelrelay,,
1,baseplugin,plugin,,,
1,ragepluginhook,plugin,ragehook,,
1,commentplugin,plugin,comment,,
1,translationplugin,plugin,translation,,
1,soliumplugin,plugin,soldium,,
1,pluginalliance,plugin,,,
1,egplugin,plugin,,,
1,gulplugin,plugin,,,
1,automationmleditorplugin,plugin,automate,,
1,localplugin,plugin,local,,
1,memoryplugin,plugin,memory,,
1,armourplugin,plugin,armour,,
1,webplugin,plugin,web,,
