1,rbot,bot,,,,
6,webspell,web,spell,,,
6,ankiweb,web,anki,,,
6,webbot,web,bot,,,
6,stdweb,web,std,,,
6,noweb,-2,,,,
6,webswift,web,swift,,,
6,webcryptoapi,web,crypto,api,,
6,webofthings,-2,,,,
6,webln,web,ln,,,
6,makerwebhooks,web,makerhooks,,,
6,webtool,web,tool,,,
6,cweb,web,,,,
6,libwebp,web,lib,,,
6,webapiclient,web,api,client,,
6,sensorweb,web,sensor,,,
6,urweb,web,ur,,,
6,webshells,web,shells,,,
6,liftweb,web,lift,,,
6,webwrite,web,write,,,
6,vuessr,vue,ssr,,,
6,vuedraggable,vue,draggable,,,
6,visualiztion,visual,,,,
6,visualizers,visual,,,,
6,colecovision,vision,coleco,,,
6,invisionapp,vision,app,,,
6,vimconfig,vim,config,,,
6,videostreaming,video,streaming,,,
6,nycopportunity,unity,nycopport,,,
6,twitterapi,twitter,api,,,
6,tutorialwing,tutorial,wing,,,
6,hacktools,tools,hack,,,
6,androidtools,tools,android,,,
6,gametools,tools,game,,,
6,androidstudiotemplate,template,androidstudio,,,
6,reccomendersystem,system,reccomender,,,
6,typesystem,system,type,,,
6,particlesystem,system,particle,,,
6,bookingsystem,system,booking,,,
6,systemrdl,system,rdl,,,
6,swiftsyntax,swift,syntax,,,
6,webswift,swift,web,,,
6,androidstudiotemplate,studio,android,template,,
6,appstudio,studio,app,,,
6,springjdbc,spring,jdbc,,,
6,springclond,spring,clond,,,
6,springer,-2,,,,
6,xshell,shell,x,,,
6,shellcodes,shell,codes,,,
6,revitpythonshell,shell,revit,python,,
6,webshells,shell,webs,,,
6,imagesearch,search,image,,,
6,searchsploit,search,sploit,,,
6,searchkit,search,kit,,,
6,appsscript,script,app,,,
6,chaiscript,script,chai,,,
6,magicscript,script,magic,,,
6,giscience,science,gi,,,
6,scaladoc,scala,doc,,,
6,proxying,proxy,ing,,,
6,proxychecker,proxy,checker,,,
6,freeproxy,proxy,free,,,
6,autoproxy,proxy,auto,,,
6,pointcloudprocessing,processing,point,cloud,,
6,eggplugin,plugin,egg,,,
6,pluginkit,plugin,kit,,,
6,openplatform,platform,open,,,
6,globalplatform,platform,global,,,
6,usetheplatform,platform,,,,
6,sqlparser,parser,sql,,,
6,sitepackage,package,site,,,
6,idlpackage,package,idl,,,
6,nodegraph,node,graph,,,
6,neuralnet,neural,net,,,
6,hydrusnetwork,network,hydrus,,,
6,networkextension,network,extension,,,
6,aiomysql,mysql,aio,,,
6,mysqlbinlog,mysql,binlog,,,
6,liftmodules,module,lifts,,,
6,modelzoo,model,zoo,,,
6,mobileprovision,mobile,provision,,,
6,automobiles,mobile,auto,,,
6,mobilepay,mobile,pay,,,
6,mobileconfig,mobile,config,,,
6,minecraftbe,minecraft,,,,
6,mediapicker,media,picker,,,
6,markdownlint,markdown,lint,,,
6,sdkmanager,manager,sdk,,,
6,mediamanager,manager,media,,,
6,workflowmanager,manager,workflow,,,
6,playonlinux,linux,playon,,,
6,javlibrary,library,jav,,,
6,transferlearning,learning,transfer,,,
6,laravelnova,laravel,nova,,,
6,lambdacd,lambda,cd,,,
6,apijson,json,api,,,
6,jsondecoder,json,decoder,,,
6,yamljson,json,yaml,,,
6,jsonml,json,ml,,,
6,jsoncsv,json,csv,,,
6,tdjson,json,td,,,
6,jsonapiclient,json,api,client,,
6,javascrpt,javascript,,,,
6,imagesearch,image,search,,,
6,appimages,image,apps,,,
6,imageupload,image,upload,,,
6,htmlimage,image,html,,,
6,googlefonts,google,fonts,,,
6,googlelocationservices,google,location,services,,
6,googletranslate,google,translate,,,
6,googlebot,google,bot,,,
6,googlecast,google,cast,,,
6,githubgameoff,github,gameoff,,,
6,githubgameoff,game,github,,,
6,gamestreaming,game,stream,,,
6,wegame,game,,,,
6,gamed,game,3d,,,
6,gametools,game,tools,,,
6,wordgame,game,word,,,
6,gamer,game,,,,
6,galenframework,framework,galen,,,
6,chromeextension,extension,chrome,,,
6,airnativeextension,extension,native,,,
6,networkextension,extension,network,,,
6,dockers,docker,,,,
6,dockerswarm,docker,swarm,,,
6,discordia,discord,,,,
6,discordj,discord,,,,
6,iosdevelopment,development,ios,,,
6,nodatabase,database,,,,
6,customcomponents,components,custom,,,
6,customcomponents,component,customs,,,
6,uguicomponent,component,ugui,,,
6,chromeextension,chrome,extension,,,
6,chatapplication,application,chat,,,
6,ganimation,animation,,,,
6,rectangular,-2,,,,
6,angulartics,angular,,,,
6,angularwithngrx,angular,ngrx,,,
6,restangular,angular,rest,,,
6,androidtools,android,tools,,,
6,androidstudiotemplate,android,studio,template,,
6,keepassandroid,android,keepass,,,
6,textanalysis,analysis,text,,,
6,javas,-1,,,,
6,reactdom,-2,,,,
6,primereact,-2,,,,
6,freactal,-2,,,,
6,apirest,-2,,,,
6,ocapi,-2,,,,
6,papis,-2,,,,
6,mapi,-2,,,,
6,smapi,-2,,,,
7,windowsservices,windows,services,,,
7,windowscontainers,windows,containers,,,
7,webapck,web,apck,,,
7,websdk,web,sdk,,,
7,webuntis,web,untis,,,
7,deepweb,web,deep,,,
7,webmachine,web,machine,,,
7,webcomic,web,comic,,,
7,webidl,web,idl,,,
7,vueresource,vue,resource,,,
7,visualprogramming,visual,program,,,
7,mivisionx,vision,mix,,,
7,cloudvision,vision,cloud,,,
7,hashivim,vim,hashi,,,
7,videoconference,video,conference,,,
7,shortvideo,video,short,,,
7,videorecorder,video,recorder,,,
7,videoaula,video,aula,,,
7,steamcommunity,unity,steamcomm,,,
7,tutoriales,tutorial,,,,
7,ngstools,tools,ngs,,,
7,applitools,tools,appli,,,
7,taggingtools,tools,tagging,,,
7,bedtools,tools,bed,,,
7,uitesting,testing,ui,,,
7,testingbot,testing,bot,,,
7,arttemplate,template,art,,,
7,systemtray,system,tray,,,
7,cleanswift,swift,clean,,,
7,truestudio,studio,true,,,
7,texstudio,studio,tex,,,
7,openstudio,studio,open,,,
7,springbootdemo,spring,bootdemo,,,
7,shellcoding,shell,coding,,,
7,algoliasearch,search,algolia,,,
7,docsearch,search,doc,,,
7,binarysearch,search,binary,,,
7,googlesearch,search,google,,,
7,searchguard,search,guard,,,
7,lucenesearch,search,lucene,,,
7,googleappsscript,script,google,apps,,
7,tiscript,script,,,,
7,metatranscriptomics,script,,,,
7,appscript,script,app,,,
7,escript,script,,,,
7,nsescript,script,nse,,,
7,subscript,-2,,,,
7,superscript,-2,,,,
7,scalatra,scala,tra,,,
7,reverseproxy,proxy,reverse,,,
7,dnsproxy,proxy,dns,,,
7,anyproxy,proxy,any,,,
7,zaproxy,proxy,za,,,
7,proxylist,proxy,list,,,
7,visualprogramming,programming,visual,,,
7,dllplugin,plugin,dll,,,
7,overlayplugin,plugin,overlay,,,
7,jsonparser,parser,json,,,
7,iniparser,parser,ini,,,
7,packagecloud,package,cloud,,,
7,packagegenerator,package,generator,,,
7,multinode,node,multi,,,
7,geonode,node,geo,,,
7,nodesource,node,source,,,
7,nodegui,node,gui,,,
7,loomnetwork,network,loom,,,
7,socialnetwork,network,social,,,
7,bmvc,mvc,,,,
7,ngmodule,module,ng,,,
7,mobileapp,mobile,app,,,
7,minecraftmod,minecraft,mod,,,
7,gridlayoutmanager,manager,gridlayout,,,
7,sessionmanager,manager,session,,,
7,cllocationmanager,manager,,,,
7,staggeredgridlayoutmanager,manager,staggered,grid,,
7,apimanager,manager,api,,,
7,webmachine,machine,web,,,
7,javalibrary,library,java,,,
7,activelearning,learning,active,,,
7,hyperlambda,lambda,hyper,,,
7,kotlintest,kotlin,test,,,
7,cjson,json,,,,
7,jsonlines,json,lines,,,
7,jsonparser,json,parser,,,
7,jsonplaceholder,json,placeholder,,,
7,cityjson,json,city,,,
7,jsonq,json,,,,
7,imageset,image,set,,,
7,imagesegmentation,image,segmentation,,,
7,imagecapture,image,capture,,,
7,imagesloaded,image,sloaded,,,
7,googleappsscript,google,app,script,,
7,googleanalytics,google,analytics,,,
7,googlesearch,google,search,,,
7,deletegithub,github,delete,,,
7,packagegenerator,generator,package,,,
7,wargames,game,war,,,
7,gogame,game,,,,
7,gameofthrones,-2,,,,
7,hgame,game,,,,
7,gamers,game,,,,
7,gameontext,game,text,,,
7,snakegame,game,,,,
7,goodgame,game,,,,
7,restframework,framework,rest,,,
7,uiframework,framework,ui,,,
7,flutterapp,flutter,app,,,
7,extensionpack,extension,pack,,,
7,nbextension,extension,nb,,,
7,ebextensions,extension,eb,,,
7,ethereumj,ethereum,,,,
7,discordcr,discord,cr,,,
7,beautifuldiscord,discord,beautiful,,,
7,discordnet,discord,net,,,
7,databse,database,,,,
7,roomdatabase,database,room,,,
7,nanocomponent,component,nano,,,
7,androidview,android,view,,,
7,reacthook,-2,,,,
7,sapi,-2,,,,
7,papilio,-2,,,,
7,capi,-2,,,,
7,apiman,-2,,,,
8,windowsforms,windows,forms,,,
8,webstudio,web,studio,,,
8,webengine,web,engine,,,
8,webargs,web,args,,,
8,webgpu,web,gpu,,,
8,goweb,web,go,,,
8,webstart,web,start,,,
8,uwebsockets,web,usockets,,,
8,webdriverjs,web,driver,js,,
8,flutterweb,web,flutter,,,
8,webmaster,web,master,,,
8,webanalytics,web,analytics,,,
8,webmap,web,map,,,
8,webgui,web,gui,,,
8,webpub,web,pub,,,
8,webslides,web,slides,,,
8,webappsec,web,appsec,,,
8,webcompat,web,compat,,,
8,vuetable,vue,table,,,
8,visualizing,visual,,,,
8,visualcpp,visual,cpp,,,
8,audiovisual,visual,audio,,,
8,vimperator,vim,perator,,,
8,loadtesting,testing,load,,,
8,tensorflowsharp,tensorflow,sharp,,,
8,docxtemplater,template,docxr,,,
8,arkecosystem,system,arkeco,,,
8,systemtap,system,tap,,,
8,webstudio,studio,web,,,
8,qshell,shell,q,,,
8,reverseshell,shell,reverse,,,
8,shellshock,-2,,,,
8,searchkick,search,kick,,,
8,javsascript,javascript,,,,
8,buildscript,script,build,,,
8,signalsciences,science,signals,,,
8,scalaprops,scala,props,,,
8,tproxy,proxy,t,,,
8,gruntplugin,plugin,grunt,,,
8,grumphp,php,grum,,,
8,phpdocumentor,php,documentor,,,
8,curlphp,php,curl,,,
8,phpfpm,php,fpm,,,
8,phppgadmin,php,pgadmin,,,
8,phpinfo,php,info,,,
8,fuelphp,php,fuel,,,
8,metapackage,package,meta,,,
8,delphinuspackage,package,delphinus,,,
8,opennode,node,open,,,
8,nodevfee,node,vfee,,,
8,nodenv,node,nv,,,
8,nodegame,node,game,,,
8,mvcc,mvc,,,,
8,musicology,music,,,,
8,cmodel,model,,,,
8,jsonmodel,model,json,,,
8,mobilenetssd,mobile,netssd,,,
8,freemobile,mobile,free,,,
8,fragmentmanager,manager,fragment,,,
8,keyboardmanager,manager,keyboard,,,
8,datamanagement,management,data,,,
8,projectmanagement,management,project,,,
8,linuxgsm,linux,gsm,,,
8,archlinuxcn,linux,archcn,,,
8,petalinux,linux,peta,,,
8,pxelinux,linux,pxe,,,
8,linuxdeploy,linux,deploy,,,
8,planguage,language,,,,
8,jsonviewer,json,viewer,,,
8,simplejson,json,simple,,,
8,mtgjson,json,mtg,,,
8,ubjson,json,ub,,,
8,jsonmodel,json,model,,,
8,jsonx,json,,,,
8,jqueryui,jquery,ui,,,
8,javacsript,javascript,,,,
8,javascirpt,javascript,,,,
8,imagecaptioning,image,captioning,,,
8,bioimage,image,bio,,,
8,textimage,image,text,,,
8,imageslider,image,slider,,,
8,imageselector,image,selector,,,
8,imagecrop,image,crop,,,
8,googleauthr,google,authr,,,
8,githubapi,github,api,,,
8,endgame,game,,,,
8,nodegame,game,node,,,
8,dantaframework,framework,danta,,,
8,flutterweb,flutter,web,,,
8,gitextensions,extension,git,,,
8,webengine,engine,web,,,
8,wpengine,engine,wp,,,
8,djangogirls,django,,,,
8,developmental,development,al,,,
8,emptydataset,dataset,,,,
8,httpcomponents,components,http,,,
8,httpcomponents,component,http,,,
8,textclassification,classification,text,,,
8,userchromejs,chrome,userjs,,,
8,chromeless,chrome,,,,
8,androidjetpack,android,jetpack,,,
8,androidmvp,android,mvp,,,
8,codeanalysis,analysis,code,,,
8,algorithmia,algorithm,,,,
8,reactnativedemo,-2,,,,
8,capitalization,-2,,,,
8,apixu,-2,,,,
8,papi,-2,,,,
8,apix,-2,,,,
8,wapi,-2,,,,
8,tapi,-2,,,,
9,webbased,web,based,,,
9,webster,web,ster,,,
9,webservers,web,servers,,,
9,webarchives,web,archives,,,
9,webcache,web,cache,,,
9,webscanner,web,scanner,,,
9,webim,-2,,,,
9,blackvue,vue,black,,,
9,vuestorefront,vue,storefront,,,
9,uvision,vision,u,,,
9,videowall,video,wall,,,
9,samtools,tools,sam,,,
9,pytelegrambotapi,telegram,pybotapi,,,
9,buildsystem,system,build,,,
9,solarsystem,system,solar,,,
9,redisearch,search,redi,,,
9,cloudsearch,search,cloud,,,
9,urlsearchparams,search,url,param,,
9,xunsearch,search,xun,,,
9,typscript,typescript,,,,
9,rscript,script,r,,,
9,storyscript,script,story,,,
9,typoscript,script,typo,,,
9,chatscript,script,chat,,,
9,covscript,script,cov,,,
9,scalatags,scala,tags,,,
9,httpproxy,proxy,http,,,
9,proxycrawl,proxy,crawl,,,
9,sniproxy,proxy,sni,,,
9,competitiveprogramming,programming,competitive,,,
9,phpviet,php,viet,,,
9,phputil,php,util,,,
9,javaparser,parser,java,,,
9,bibtexparser,parser,bibtex,,,
9,bodyparser,parser,body,,,
9,commandlineparser,parser,commandline,,,
9,monodepth,node,mopth,,,
9,networktables,network,tables,,,
9,networked,network,,,,
9,mysqldb,mysql,db,,,
9,modeline,model,,,,
9,materialui,material,ui,,,
9,materialdesignicons,material,design,icon,,
9,orgmanager,manager,org,,,
9,clearlinux,linux,clear,,,
9,microlibrary,library,micro,,,
9,kotlinx,kotlin,,,,
9,handyjson,json,handy,,,
9,bemjson,json,bem,,,
9,jsondb,json,db,,,
9,javasc,javascript,,,,
9,wkhtmltoimage,image,wkhtmlto,,,
9,imageeditor,image,editor,,,
9,httpproxy,http,proxy,,,
9,typegraphql,graphql,type,,,
9,googleplus,google,plus,,,
9,ungoogled,google,,,,
9,googlesignin,google,signin,,,
9,excelgenerator,generator,excel,,,
9,gamejolt,game,jolt,,,
9,ingame,game,,,,
9,frameworkless,framework,less,,,
9,aahframework,framework,aah,,,
9,metroframework,framework,metro,,,
9,firebaseauth,firebase,auth,,,
9,discordjsbot,discord,js,bot,,
9,fakenewsdetection,detection,fake,news,,
9,autoconfiguration,configuration,auto,,,
9,xcomponent,component,,,,
9,userchromecss,chrome,user,css,,
9,microarchitecture,architecture,micro,,,
9,androidui,android,ui,,,
9,scapi,-2,,,,
9,scrapinghub,-2,,,,
9,capitalize,-2,,,,
9,yapily,-2,,,,
10,easywebpack,webpack,easy,,,
10,webtest,web,test,,,
10,libwebsockets,web,lib,sockets,,
10,webots,web,,,,
10,webdash,web,dash,,,
10,easywebpack,web,easypack,,,
10,webplatform,web,platform,,,
10,webpa,web,pa,,,
10,icingaweb,web,icinga,,,
10,webscale,web,scale,,,
10,webspeech,web,speech,,,
10,webasm,web,asm,,,
10,vuecomponent,vue,component,,,
10,vuelidate,vue,lidate,,,
10,visualisations,visual,,,,
10,intellivision,vision,intelli,,,
10,hikvision,vision,hik,,,
10,vimwiki,vim,wiki,,,
10,ideavim,vim,idea,,,
10,unityeditor,unity,editor,,,
10,hackingtools,tools,hacking,,,
10,sidemenuswift,swift,sidemenu,,,
10,flipnotestudio,studio,flipnote,,,
10,seeedstudio,studio,seeed,,,
10,springbootadmin,spring,bootadmin,,,
10,springsession,spring,session,,,
10,fishshell,shell,fish,,,
10,dirsearch,search,dir,,,
10,javascripts,javascript,,,,
10,appscripts,script,app,,,
10,ahkscript,script,ahk,,,
10,twemproxy,proxy,twem,,,
10,octoprintplugin,plugin,octo,print,,
10,muplugin,plugin,mu,,,
10,webplatform,platform,web,,,
10,commerceplatform,platform,commerce,,,
10,phpcbf,php,cbf,,,
10,useragentparser,parser,useragent,,,
10,nodegit,node,git,,,
10,xnode,node,x,,,
10,nodetype,node,type,,,
10,dmodels,model,3d,,,
10,automobile,-2,,,,
10,soundmanager,manager,sound,,,
10,secretsmanager,manager,secrets,,,
10,taskmanager,manager,task,,,
10,machinekit,machine,kit,,,
10,lambdas,lambda,,,,
10,kotlinpoet,kotlin,poet,,,
10,jsons,json,s,,,
10,netjson,json,net,,,
10,nojquery,jquery,,,,
10,javascripts,javascript,,,,
10,imagecropper,image,cropper,,,
10,glideimageloader,image,glideloader,,,
10,simplehttpserver,http,server,,,
10,httpclientfactory,http,client,factory,,
10,okhttputils,okhttp,util,,,
10,nanohttpd,http,nanod,,,
10,fangame,game,fan,,,
10,epicgames,game,epic,,,
10,jskgames,game,jsk,,,
10,gamelift,game,lift,,,
10,axonframework,framework,axon,,,
10,avaudioengine,engine,audio,,,
10,cryengine,engine,cry,,,
10,dataengineering,engineer,data,,,
10,kbengine,engine,kb,,,
10,cityengine,engine,city,,,
10,aspdotnet,dotnet,asp,,,
10,botsfordiscord,discord,bot,,,
10,discordrpc,discord,rpc,,,
10,supercomputer,computer,,,,
10,polymorphcomponents,components,polymorph,,,
10,purecomponent,component,pure,,,
10,vuecomponent,component,vue,,,
10,componentization,component,,,,
10,polymorphcomponents,component,polymorph,,,
10,chromedp,chrome,dp,,,
10,angularclass,angular,class,,,
10,triangular,-2,,,,
10,androidmanifest,android,manifest,,,
10,androidstudy,android,study,,,
10,qt3d,3d,,,,
10,reactredux,-2,,,,
10,datascraping,-2,,,,
10,dapi,-2,,,,
10,apio,-2,,,,
11,webpay,web,pay,,,
11,webduino,web,duino,,,
11,webconsole,web,console,,,
11,dotvim,vim,dot,,,
11,videocall,video,call,,,
11,nicovideo,video,nico,,,
11,smartmontools,tools,smartmon,,,
11,pyfilesystem,system,pyfile,,,
11,operatingsystem,system,operating,,,
11,actorsystem,system,actor,,,
11,mailspring,spring,mail,,,
11,springboard,spring,board,,,
11,gameshell,shell,game,,,
11,getshell,shell,get,,,
11,adminscripts,script,admins,,,
11,alertscript,script,alert,,,
11,scalafix,scala,fix,,,
11,cprogramming,programming,c,,,
11,simplesamlphp,php,simple,saml,,
11,htmlparser,parser,html,,,
11,datapackage,package,data,,,
11,packagemanager,package,manager,,,
11,gomodule,module,go,,,
11,metamodels,model,,,,
11,mobilefacenet,mobile,facenet,,,
11,gomobile,mobile,go,,,
11,packagemanager,manager,package,,,
11,linuxmint,linux,mint,,,
11,signlanguage,language,sign,,,
11,awslambda,lambda,aws,,,
11,jsoneditor,json,editor,,,
11,imagebrowser,image,browser,,,
11,imageboards,image,boards,,,
11,freeimage,image,free,,,
11,httplug,http,lug,,,
11,googleassistant,google,assistant,,,
11,googleapiclient,google,api,client,,
11,gameshell,game,shell,,,
11,globalgamejam,game,global,jam,,
11,dotnetframework,framework,dotnet,,,
11,flaskbb,flask,bb,,,
11,nethereum,ethereum,,,,
11,cheatengine,engine,cheat,,,
11,dotnetframework,dotnet,framework,,,
11,discordbotlist,discord,botlist,,,
11,discordbots,discord,bot,,,
11,androidsdk,android,sdk,,,
11,reactotron,-2,,,,
11,rapids,-2,,,,
11,esapi,-2,,,,
11,osbapi,-2,,,,
11,apiato,-2,,,,
12,onepagewebsite,website,onepage,,,
12,webmin,web,min,,,
12,webspider,web,spider,,,
12,webrequest,web,request,,,
12,hsweb,web,hs,,,
12,webppl,web,ppl,,,
12,webpart,web,part,,,
12,webarchiving,web,archiving,,,
12,onepagewebsite,web,onepagesite,,,
12,vuefront,vue,front,,,
12,geovisualization,visual,geo,,,
12,geovisualization,visual,geo,,,
12,revisions,revision,,,,
12,visionprocessing,vision,process,,,
12,tensorflowlite,tensorflow,lite,,,
12,designsystem,system,design,,,
12,sqlbuilder,sql,builder,,,
12,osascript,script,osa,,,
12,scriptures,script,ures,,,
12,scriptrunner,script,runner,,,
12,rubydatascience,science,rubydata,,,
12,rprogramming,programming,r,,,
12,visionprocessing,processing,vision,,,
12,processingjs,processing,js,,,
12,phpredis,php,redis,,,
12,phalconphp,php,phalcon,,,
12,feedparser,parser,feed,,,
12,aionnetwork,network,aion,,,
12,puremvc,mvc,pure,,,
12,xposedmodule,module,xposed,,,
12,modelo,model,,,,
12,mobilenets,mobile,nets,,,
12,materialized,material,,,,
12,timemanagement,management,time,,,
12,eventmachine,machine,event,,,
12,kotlinjs,kotlin,js,,,
12,jsonstore,json,store,,,
12,httptest,http,test,,,
12,postgraphql,graphql,post,,,
12,googleplaces,google,places,,,
12,googlehome,google,home,,,
12,googlecodejam,google,code,jam,,
12,googledrive,google,drive,,,
12,gitalk,git,alk,,,
12,gameservers,game,servers,,,
12,minigames,game,,,,
12,leanengine,engine,lean,,,
12,dockerization,docker,,,,
12,malwareanalysis,analysis,malware,,,
12,sapienza,-2,,,,
12,apify,-2,,,,
12,apitte,-2,,,,
13,webmidiapi,web,midi,api,,
13,webid,web,id,,,
13,webjob,web,job,,,
13,webmoney,web,money,,,
13,websec,web,sec,,,
13,visually,visual,,,,
13,twitterbot,twitter,bot,,,
13,buildtools,tools,build,,,
13,resttemplate,template,rest,,,
13,lsystem,system,,,,
13,systemctl,system,ctl,,,
13,icestudio,studio,ice,,,
13,sqlbrite,sql,brite,,,
13,shelly,-2,,,,
13,unrealscript,script,unreal,,,
13,datascript,script,data,,,
13,scalafmt,scala,fmt,,,
13,scalapb,scala,pb,,,
13,phpcms,php,cms,,,
13,nodeos,node,os,,,
13,gmusicapi,music,gapi,,,
13,mobiledoc,mobile,doc,,,
13,timemachine,machine,time,,,
13,archlinuxarm,linux,archarm,,,
13,syslinux,linux,sys,,,
13,imageserver,image,server,,,
13,cqhttp,http,cq,,,
13,htmlwidget,html,widget,,,
13,wpgraphql,graphql,wp,,,
13,googlesheets,google,sheets,,,
13,gitpod,git,pod,,,
13,gitolite,git,olite,,,
13,movingtogitlab,git,lab,gitlab,,
13,idgenerator,generator,id,,,
13,gameoff,game,,,,
13,ogame,game,,,,
13,discordapi,discord,api,,,
13,geodatabase,database,geo,,,
13,datachannel,data,channel,,,
13,uicomponent,component,ui,,,
13,reactors,-2,,,,
13,reactxp,-2,,,,
13,wasapi,-2,,,,
13,gapi,-2,,,,
14,virtualenvwrapper,wrapper,virtual,env,,
14,webperformance,web,performance,,,
14,webhosting,web,hosting,,,
14,webext,web,ext,,,
14,vuefire,vue,fire,,,
14,itertools,tools,iter,,,
14,mootools,tools,moo,,,
14,coremltools,tools,coreml,,,
14,autotesting,testing,auto,,,
14,yobasystems,system,yoba,,,
14,hsqldb,sql,hdb,,,
14,jshell,shell,,,,
14,scriptable,script,,,,
14,cocoascript,script,cocoa,,,
14,pinescript,script,pine,,,
14,dataprocessing,processing,data,,,
14,eslintplugin,plugin,eslint,,,
14,phpci,php,,,,
14,webperformance,performance,web,,,
14,musickit,music,kit,,,
14,cssmodules,module,css,,,
14,datamodel,model,data,,,
14,modelsim,model,sim,,,
14,libimobiledevice,mobile,libi,device,,
14,cashmanagement,management,cash,,,
14,githawk,git,hawk,,,
14,gitattributes,git,attributes,,,
14,gitkraken,git,kraken,,,
14,gameframework,game,framework,,,
14,gameday,game,day,,,
14,gameframework,framework,game,,,
14,tengine,engine,,,,
14,discordrichpresence,discord,,,,
14,uitableviewdatasource,data,ui,view,source,table
14,dataprocessing,data,process,,,
14,dataprovider,data,provider,,,
14,datatypes,data,types,,,
14,datamodel,data,model,,,
14,angularuniversal,angular,universal,,,
14,androidtv,android,tv,,,
14,mdanalysis,analysis,md,,,
14,i3d,3d,,,,
14,reactioncommerce,-2,,,,
14,apic,-2,,,,
15,websitemarket,website,market,,,
15,darkweb,web,dark,,,
15,keeweb,web,kee,,,
15,webgme,web,gme,,,
15,webpy,web,py,,,
15,webhdfs,web,hdfs,,,
15,webform,web,form,,,
15,websitemarket,web,sitemarket,,,
15,divisions,-2,,,,
15,invision,-2,,,,
15,unitypackage,unity,package,,,
15,opportunity,unity,opport,,,
15,unityengine,unity,engine,,,
15,commercetools,tools,commerce,,,
15,commercetools,tool,commerces,,,
15,sqlcipher,sql,cipher,,,
15,springdata,spring,data,,,
15,sourcery,-2,,,,
15,scripted,script,,,,
15,scripture,-2,,,,
15,scriptableobject,script,object,,,
15,jaavscript,javascript,,,,
15,brightscript,script,bright,,,
15,scalacheck,scala,check,,,
15,speechrecognition,recognition,speech,,,
15,zplugin,plugin,,,,
15,phpipam,php,ipam,,,
15,configparser,parser,config,,,
15,unitypackage,package,unity,,,
15,nodecg,node,cg,,,
15,managers,manager,,,,
15,machinebox,machine,box,,,
15,skimage,image,,,,
15,htmlelement,html,element,,,
15,dgame,game,3d,,,
15,gamespy,game,spy,,,
15,flutterui,flutter,ui,,,
15,unityengine,engine,unity,,,
15,easyengine,engine,easy,,,
15,androiddevelopment,development,android,,,
15,datalayer,data,layer,,,
15,datalake,data,lake,,,
15,computergraphics,computer,graphics,,,
15,androiddevelopment,android,develop,,,
15,reactvr,-2,,,,
16,webjobs,web,jobs,,,
16,webfinger,web,finger,,,
16,webjars,web,jars,,,
16,webusb,web,usb,,,
16,webmaps,web,maps,,,
16,webstore,web,store,,,
16,webflow,web,flow,,,
16,vimfiles,vim,files,,,
16,fusetools,tools,fuse,,,
16,fusetools,tool,fuses,,,
16,languagetool,tool,language,,,
16,xrmtoolbox,tool,xrmbox,,,
16,swiftnio,swift,nio,,,
16,swiftype,swift,ype,,,
16,npgsql,sql,npg,,,
16,proxysql,sql,proxy,,,
16,sqlx,sql,,,,
16,sourcemap,source,map,,,
16,opensourcedesign,source,opendesign,,,
16,zscript,script,,,,
16,tyepscript,typescript,,,,
16,proxysql,proxy,sql,,,
16,proxychains,proxy,chains,,,
16,goproxy,proxy,go,,,
16,phpmd,php,md,,,
16,excelparser,parser,excel,,,
16,musicians,music,ians,,,
16,pageobjectmodel,model,page,object,,
16,modelmapper,model,map,,,
16,openlibrary,library,open,,,
16,languagetool,language,tool,,,
16,imageoptim,image,optim,,,
16,hyperhtml,html,hyper,,,
16,diffhtml,html,diff,,,
16,subgame,game,sub,,,
16,gamebot,game,bot,,,
16,slimframework,framework,slim,,,
16,paintdotnet,dotnet,paint,,,
16,datamatrix,data,matrix,,,
16,reactivesearch,-2,,,,
16,hidapi,-2,,,,
17,apiary,-2,,,,
17,staticanalysis,analysis,static,,,
17,googleapis,api,google,,,
17,applemusic,apple,music,,,
17,weblog,web,log,,,
17,dweb,web,,,,
17,webdrivermanager,web,driver,manager,,
17,websub,web,sub,,,
17,visualstudiocode,visual,studio,code,,
17,visualiser,visual,iser,,,
17,videoeditor,video,editor,,,
17,geotools,tools,geo,,,
17,geotools,tool,geos,,,
17,cryptosystem,system,crypto,,,
17,eshell,shell,,,,
17,servicefabric,service,fabric,,,
17,jscript,script,,,,
17,geosciences,science,geos,,,
17,phpframework,php,framework,,,
17,nodebots,node,bots,,,
17,applemusic,music,apple,,,
17,submodules,module,,,,
17,webdrivermanager,manager,web,driver,,
17,metalearning,learning,meta,,,
17,wolframlanguage,language,wolfram,,,
17,tmlanguage,language,tm,,,
17,httprequest,http,request,,,
17,lighttpd,http,lig,,,
17,httprouter,http,router,,,
17,httpurlconnection,http,url,connection,,
17,googleapis,google,api,,,
17,googletest,google,test,,,
17,pygithub,github,py,,,
17,pygithub,git,py,,,
17,gamebuino,game,buino,,,
17,gamestream,game,stream,,,
17,galgame,game,gal,,,
17,pagamento,game,panto,,,
17,phpframework,framework,php,,,
17,ionicframework,framework,ionic,,,
17,fileio,file,io,,,
17,datahub,data,hub,,,
18,swapi,-2,,,,
18,mapillary,-2,,,,
18,mayaapi,-2,,,,
18,mpandroidchart,android,chart,,,
18,apisearch,api,search,,,
18,happiness,-2,,,,
18,clappr,-2,,,,
18,appcache,app,cache,,,
18,appleiigs,app,leiigs,,,
18,azuredevops,azure,devops,,,
18,bitcoinjs,bitcoin,js,,,
18,photobooth,photo,booth,,,
18,robotpy,robot,python,,,
18,sendcloud,cloud,send,,,
18,wirecloud,cloud,wire,,,
18,graphcms,cms,graph,,,
18,cleancode,code,clean,,,
18,toxcore,core,tox,,,
18,datamuse,data,muse,,,
18,testdata,data,test,,,
18,databing,data,bing,,,
18,springdatajpa,data,spring,jpa,,
18,dadata,data,,,,
18,deepfake,deep,fake,,,
18,deepening,deep,,,,
18,geodjango,django,geo,,,
18,electroneum,-2,,,,
18,xpressengine,engine,xpress,,,
18,filename,file,name,,,
18,lockfile,file,lock,,,
18,firebaseui,firebase,ui,,,
18,mxgraph,graph,mx,,,
18,graphcms,graph,cms,,,
18,hypergraph,graph,hyper,,,
18,imageio,image,io,,,
18,circleimageview,image,view,,,
18,hypriot,-2,,,,
18,javapoet,java,poet,,,
18,javasript,javascript,,,,
18,skylines,line,skys,,,
18,listening,listen,,,,
18,expandablelistview,list,expandableview,view,,
18,windowmanager,manager,window,,,
18,openst,-2,,,,
18,opengenus,-2,,,,
18,openscap,-2,,,,
18,canopen,-2,,,,
18,openaccess,-2,,,,
18,openhardware,-2,,,,
18,projectile,project,,,,
18,mtproxy,proxy,,,,
18,prestodb,presto,db,,,
18,initscript,script,init,,,
18,manuscripts,script,,,,
18,coronasdk,sdk,corona,,,
18,streamdecksdk,sdk,stream,deck,,
18,apisearch,search,api,,,
18,shells,shell,,,,
18,springdatajpa,spring,data,jpa,,
18,testdata,test,data,,,
18,loadtest,test,load,,,
18,testsuite,test,suite,,,
18,attestation,-2,,,,
18,texttospeech,text,speech,,,
18,textmining,text,mine,,,
18,videoview,video,view,,,
18,macvim,vim,mac,,,
18,webuploader,web,upload,,,
18,dicomweb,-2,,,,
19,reasonreact,-2,,,,
19,angularcli,angular,cli,,,
19,asyncapi,api,async,,,
19,bootstrapper,app,bootstrer,,,
19,appointments,-2,,,,
19,approach,-2,,,,
19,weblogic,web,logic,,,
19,bootstrapper,bootstrap,,,,
19,coreboot,boot,core,,,
19,bootstrapper,bootstrap,per,,,
19,vkbot,bot,vk,,,
19,angularcli,cli,angular,,,
19,balenacloud,cloud,balena,,,
19,ibmcloud,cloud,ibm,,,
19,punycode,code,puny,,,
19,codeless,code,less,,,
19,lesscode,code,less,,,
19,coreclr,core,clr,,,
19,javascriptcore,core,javascript,,,
19,coreboot,core,boot,,,
19,demographics,demo,graphics,,,
19,filewatcher,file,watcher,,,
19,boardgamegeek,boardgame,,,,
19,gameplaykit,game,playkit,,,
19,shadergraph,graph,shader,,,
19,demographics,graphic,demo,,,
19,eclipseiot,iot,eclipse,,,
19,javascriptcore,javascript,core,,,
19,jsonld,json,,,,
19,zfsonlinux,linux,,,,
19,superbalist,-2,,,,
19,musicbee,music,,,,
19,paloaltonetworks,networks,paloalto,,,
19,openvz,open,vz,,,
19,phpexcel,php,excel,,,
19,oroplatform,platform,oro,,,
19,geoprocessing,process,geo,,,
19,knearest,-2,,,,
19,javascriptcore,javascript,core,,,
19,sdks,sdk,,,,
19,jumpserver,server,jump,,,
19,homeserver,server,home,,,
19,mockwebserver,server,mockweb,,,
19,shelljs,shell,js,,,
19,swifty,swift,,,,
19,textinputlayout,text,inputlayout,,,
19,quicktime,time,quick,,,
19,toolkits,tool,kits,,,
19,cryptools,tool,crypto,,,
19,videochat,video,chat,,,
19,desenvolvimento,-2,,,,
19,webssh,web,ssh,,,
19,weblogic,web,logic,,,
19,webvtt,web,vtt,,,
19,mockwebserver,web,mock,server,,
20,reactnavigation,-2,,,,
20,rapidjson,-2,,,,
20,androidutils,android,util,,,
20,apitest,api,test,,,
20,inapppurchase,iap,,,,
20,appleii,app,,,,
20,netapp,app,net,,,
20,appindicator,app,indicate,,,
20,audiounit,audio,unit,,,
20,uboot,boot,,,,
20,botw,-2,,,,
20,sinusbot,bot,sinus,,,
20,acyclic,-2,,,,
20,paperclip,-2,,,,
20,datacloud,data,cloud,,,
20,codenameone,code,,,,
20,codecademy,code,tutorial,,,
20,pseudocode,code,pseudocode,,,
20,codechain,code,chain,,,
20,codesniffer,code,sniff,,,
20,teradata,-2,,,,
20,designpattern,design,pattern,,,
20,filepond,file,pond,,,
20,vfile,file,,,,
20,seafile,file,sea,,,
20,gamemodes,game,modes,,,
20,gameobject,game,object,,,
20,htmlhint,html,hint,,,
20,httpdns,http,dns,,,
20,uiimagepickercontroller,image,ui,picker,controll,
20,biblioteca,-2,,,,
20,webviewjavascriptbridge,javascript,web,view,,
20,rapidjson,json,rapid,,,
20,deadline,line,dead,,,
20,waterline,line,water,,,
20,linuxbrew,linux,brew,,,
20,lister,list,,,,
20,listbox,list,box,,,
20,wunderlist,list,wunder,,,
20,locationmanager,manager,location,,,
20,hanlp,-2,,,,
20,opensoundcontrol,open,sound,controll,,
20,openconnect,-2,,,,
20,openvas,open,vas,,,
20,jphp,php,,,,
20,scalameta,scala,meta,,,
20,transcripts,script,trans,,,
20,webviewjavascriptbridge,javascript,webview,,,
20,alipaysdk,sdk,alipay,,,
20,metasearch,search,meta,,,
20,mediaserver,server,media,,,
20,servicemesh,service,mesh,,,
20,apitest,test,api,,,
20,textinput,text,input,,,
20,tidytext,text,tidy,,,
20,contexts,-2,,,,
20,webinar,-2,,,,
20,webpages,web,page,,,
20,webcrawling,web,crawl,,,
21,reactivemongo,-2,,,,
21,steganalysis,analysis,,,,
21,googleapi,api,google,,,
21,powerapps,app,powers,,,
21,mapped,map,,,,
21,datamapper,data,map,,,
21,untappd,-2,,,,
21,uiautomation,automate,ui,,,
21,botframework,bot,framework,,,
21,musicbot,bot,music,,,
21,bottomnavigation,bot,tomnavigation,,,
21,popclip,-2,,,,
21,autoclicker,automate,click,,,
21,microcode,code,micro,,,
21,ecore,-2,,,,
21,aspnetcoreidentity,core,aspnet,,,
21,influxdata,data,influx,,,
21,datamapper,data,mapper,,,
21,dotnetty,dotnet,,,,
21,editorial,-2,,,,
21,qtwebengine,engine,qt,web,,
21,filesystems,file,system,,,
21,fileserver,file,server,,,
21,zendframework,framework,zend,,,
21,botframework,framework,bot,,,
21,boardgames,game,boards,,,
21,googleapi,google,api,,,
21,janusgraph,graph,janus,,,
21,javase,java,se,,,
21,retrolambda,lambda,retro,,,
21,dlanguage,language,,,,
21,machinery,machine,,,,
21,minecraftpe,minecraft,,,,
21,statsmodels,model,,,,
21,submodule,module,sub,,,
21,musicbot,music,bot,,,
21,openoffice,open,office,,,
21,fnproject,project,,,,
21,raspberrymatic,Raspberry-pi,,,,
21,liberouter,router,libe,,,
21,angelscript,script,angel,,,
21,objectscript,script,object,,,
21,onescript,script,,,,
21,rivescript,script,,,,
21,mutationobserver,server,mutationob,,,
21,fileserver,server,file,,,
21,accessibilityservice,service,accessibility,,,
21,filesystems,system,files,,,
21,texturepacker,texture,,,,
21,autotools,tool,auto,,,
21,rrdtool,tool,,,,
21,autotools,tools,auto,,,
21,torchvision,vision,torch,,,
21,webshop,web,shop,,,
21,qtwebengine,web,qtengine,,,
21,webmethods,web,methods,,,
21,webtask,web,task,,,
21,dotweb,web,,,,
22,reactorkit,-2,,,,
22,yapi,-2,,,,
22,lykmapipo,-2,,,,
22,3dmax,-2,,,,
22,androidapp,android,app,,,
22,equirectangular,angular,,,,
22,apistar,api,star,,,
22,netcoreapp,app,netcore,,,
22,androidapp,app,android,,,
22,robotiq,robot,,,,
22,bottomsheetbehavior,bottomsheet,behavior,,,
22,userchrome,chrome,user,,,
22,netcoreapp,core,net,app,,
22,musescore,core,muses,,,
22,deepdream,deep,dream,,,
22,dockerize,docker,,,,
22,dockerbump,docker,bump,,,
22,filereader,file,reader,,,
22,filepicker,file,picker,,,
22,magit,-2,,,,
22,graphx,-2,,,,
22,ibmioss,ios,ibms,,,
22,hjson,json,,,,
22,onlinejudge,line,judge,,,
22,sparkline,line,spark,,,
22,linuxcnc,linux,cnc,,,
22,tasklist,list,task,,,
22,mobilesubstrate,mobile,substrate,,,
22,neuralnetworks,network,neural,,,
22,masternodes,node,master,,,
22,bionode,node,bio,,,
22,openni,open,,,,
22,openface,open,face,,,
22,pythonplugin,plugin,python,,,
22,projecteuler,project,euler,,,
22,pythonplugin,python,,,,
22,restassured,-2,,,,
22,prescription,prescribe,,,,
22,mssqlserver,server,mssql,,,
22,serverspec,server,spec,,,
22,shellcheck,shell,check,,,
22,sourcekit,source,kit,,,
22,mssqlserver,sql,ms,server,,
22,swiftlint,swift,lint,,,
22,hypertext,text,hyper,,,
22,xtext,text,,,,
22,nytimes,newyorktime,,,,
22,nvimrc,-2,,,,
22,visualforce,visual,force,,,
22,webar,-2,,,,
22,webqq,-2,,,,
23,zapier,-2,,,,
23,minapp,-2,,,,
23,webmapping,app,web,map,,
23,appbarlayout,app,barlayout,,,
23,jackaudio,audio,jack,,,
23,mdbootstrap,bootstrap,,,,
23,twitchbot,bot,twitch,,,
23,doubleclick,click,,,,
23,clique,-2,,,,
23,opencloud,cloud,open,,,
23,googlecloud,cloud,google,,,
23,alibabacloud,cloud,alibaba,,,
23,datatype,data,type,,,
23,jmonkeyengine,engine,jmonkey,,,
23,cardgame,game,card,,,
23,browsergame,game,browser,,,
23,googlecloud,google,cloud,,,
23,javamail,java,mail,,,
23,multiline,line,,,,
23,linuxkit,linux,kit,,,
23,federalist,list,federa,,,
23,arraylist,list,array,,,
23,caffemodel,model,caffe,,,
23,openconfig,open,config,,,
23,openrpc,open,rpc,,,
23,opencloud,open,cloud,,,
23,phpdoc,php,doc,,,
23,xenserver,server,xen,,,
23,keyserver,server,key,,,
23,cybersource,source,cyber,,,
23,sqllite,-2,,,,
23,reswift,swift,,,,
23,testrail,test,rail,,,
23,webpagetest,test,webpage,,,
23,xcuitest,test,,,,
23,webpagetest,web,pagetest,,,
23,webmapping,web,mapping,,,
24,reactos,-2,,,,
24,reactrouter,-2,,,,
24,shaping,-2,,,,
24,apicloud,api,cloud,,,
24,kappa,-2,,,,
24,appbuilder,app,build,,,
24,approov,-2,,,,
24,mappings,map,,,,
24,portaudio,audio,port,,,
24,deauthentication,authentication,,,,
24,apicloud,cloud,api,,,
24,xcodeproj,xcode,,,,
24,xcodebuild,xcode,build,,,
24,coreimage,core,image,,,
24,aspnetcoremvc,core,aspnet,mvc,,
24,cssgrid,css,grid,,,
24,gamedevelopment,development,game,,,
24,filetransfer,file,transfer,,,
24,gamedevelopment,game,develop,,,
24,graphml,graph,ml,,,
24,photographer,-2,,,,
24,igraph,graph,,,,
24,siggraph,graph,sig,,,
24,xhtml,html,,,,
24,coreimage,image,core,,,
24,alarmmanager,manager,alarm,,,
24,networkmanager,manager,network,,,
24,aspnetcoremvc,mvc,aspnetcore,,,
24,networkmanager,network,manager,,,
24,cnodejs,nodejs,,,,
24,openocd,open,,,,
24,openmm,open,,,,
24,openpyxl,open,pyxl,,,
24,openmpi,open,mpi,,,
24,openbanking,open,banking,,,
24,slimphp,php,slim,,,
24,wavesplatform,platform,waves,,,
24,ironpython,python,,,,
24,predis,redis,,,,
24,restplus,rest,,,,
24,reactrouter,router,react,,,
24,zshell,shell,,,,
24,subresource,-2,,,,
24,jdbctemplate,template,jdbc,,,
24,tested,test,,,,
24,testament,test,,,,
24,timescaledb,time,scale,db,,
24,webradio,web,radio,,,
24,webmagic,web,magic,,,
25,angularmaterial,angular,material,,,
25,smartapp,app,smart,,,
25,appliance,app,liance,,,
25,appletv,apple,tv,,,
25,boilerplates,boilerplate,,,,
25,clinic,-2,,,,
25,picocms,cms,pico,,,
25,opcodes,-2,,,,
25,codesandbox,code,sandbox,,,
25,azerothcore,-2,,,,
25,hypercore,core,hyper,,,
25,rcpparmadillo,-2,,,,
25,lesscss,css,less,,,
25,smacss,-2,,,,
25,deeplink,-2,,,,
25,subgraph,graph,sub,,,
25,outliner,-2,,,,
25,selinux,linux,,,,
25,statemachine,machine,state,,,
25,angularmaterial,material,angular,,,
25,arouter,router,,,,
25,rubymine,ruby,mine,,,
25,jssdk,sdk,js,,,
25,sqlinjection,sql,injection,,,
25,fastest,-1,,,,
25,torchtext,text,torch,,,
26,androidthings,android,,,,
26,androidarchitecturecomponets,android,architecture,componet,,
26,fastapi,api,fast,,,
26,webaudioapi,api,web,audio,,
26,append,-2,,,,
26,botman,-2,,,,
26,webclient,web,client,,,
26,cloudmusic,cloud,music,,,
26,qingcloud,cloud,qing,,,
26,vcloud,cloud,,,,
26,pyrocms,cms,pyro,,,
26,codetanzania,code,tanzania,,,
26,codeblocks,code,block,,,
26,subcommands,command,,,,
26,opencomponents,component,open,,,
26,coreutils,core,util,,,
26,encore,-2,,,,
26,dataclasses,data,class,,,
26,deepl,deep,,,,
26,longitudinal,-2,,,,
26,chibios,ios,chib,,,
26,frcjava,java,frc,,,
26,cmakelists,list,,,,
26,wifimanager,manager,wifi,,,
26,modeler,model,,,,
26,multimodule,module,,,,
26,cloudmusic,music,cloud,,,
26,opener,open,,,,
26,openbci,open,bci,,,
26,scalar,-2,,,,
26,ghostscript,script,ghost,,,
26,livescript,script,live,,,
26,caddyserver,server,caddy,,,
26,servicebus,-2,,,,
26,geetest,test,gee,,,
26,doctest,test,doc,,,
26,textlintrule,text,lintrule,,,
26,itext,text,,,,
26,collapsingtoolbarlayout,tool,collapse,toolbar,layout,
26,pwntools,tool,pwn,,,
26,bettertouchtool,tool,touch,,,
26,webaudioapi,web,audio,api,,
26,webclient,web,client,,,
27,reactivity,-2,,,,
27,aping,-2,,,,
27,dataanalysis,analysis,data,,,
27,angulardart,angular,dart,,,
27,glyphsapp,app,glyph,,,
27,portableapps,app,portable,,,
27,naudio,audio,,,,
27,bitcoinj,bitcoin,,,,
27,microblogging,blog,micro,,,
27,bottlepy,bottle,py,,,
27,cloudfunctions,cloud,function,,,
27,datastax,data,stax,,,
27,objectdetection,detection,object,,,
27,texteditor,editor,text,,,
27,filetype,file,type,,,
27,abapgit,-2,,,,
27,openscenegraph,graph,openscene,,,
27,html5up,html,,,,
27,httpie,http,,,,
27,imageviewer,image,view,,,
27,scenarios,-2,,,,
27,javacv,java,,,,
27,javaswing,java,swing,,,
27,ndjson,json,,,,
27,linkedinlearning,learning,linkedin,,,
27,baselines,baseline,,,,
27,cachemanager,manager,cache,,,
27,qqmusic,music,qq,,,
27,openscenegraph,openscene,graph,,,
27,openembedded,open,embedded,,,
27,openedge,open,edge,,,
27,opencage,open,cage,,,
27,openrefine,open,refine,,,
27,phpspec,php,spec,,,
27,envoyproxy,proxy,envoy,,,
27,redisson,-2,,,,
27,edgerouter,router,edge,,,
27,scalafx,scala,fx,,,
27,assemblyscript,script,assembly,,,
27,texteditor,text,editor,,,
27,downtime,time,,,,
27,subdivision,-2,,,,
27,visuals,visual,,,,
28,napi,-2,,,,
28,cnblogs,blog,,,,
28,multiboot,boot,,,,
28,botfuel,bot,fuel,,,
28,solrcloud,cloud,solr,,,
28,bitcode,code,bit,,,
28,linkeddata,data,linked,,,
28,datawarehouse,data,warehouse,,,
28,formdata,data,form,,,
28,ethereumjs,ethereum,javascript,,,
28,callgraph,callgraph,graph,,,
28,jsonresume,json,resume,,,
28,rubynlp,nlp,ruby,,,
28,dnnplatform,platform,dnn,,,
28,restic,rest,ic,,,
28,rubynlp,ruby,nlp,,,
28,cacheobjectscript,script,cache,object,,
28,plpgsql,gsql,,,,
29,bwapi,-2,,,,
29,overlapping,overlap,,,,
29,inapp,In-app,app,,,
29,reboot,-2,,,,
29,cleverbot,bot,clever,,,
29,chromeos,chrome,os,,,
29,jscodeshift,code,javascript,shift,,
29,codepush,code,push,,,
29,codedeploy,code,deploy,,,
29,codefirst,code,,,,
29,deepspeech,deep,speech,,,
29,fileformat,file,format,,,
29,savegame,game,save,,,
29,libgit,git,lib,,,
29,javassist,java,assist,,,
29,bilinear,-2,,,,
29,statusline,line,status,,,
29,gfwlist,list,gfw,,,
29,allennlp,nlp,allen,,,
29,openzeppelin,open,zeppelin,,,
29,opentsdb,open,db,,,
29,openfire,open,fire,,,
29,platforms,platform,,,,
29,dryproject,project,dry,,,
29,ipproxy,proxy,ip,,,
29,postscript,script,postscript,,,
29,intersectionobserver,server,intersection,ob,,
29,autotest,test,auto,,,
29,textcnn,text,cnn,,,
29,textile,text,,,,
29,webtrees,web,tree,,,
29,webforms,web,form,,,
30,strapi,-2,,,,
30,androidlibrary,android,library,,,
30,quickapp,app,quick,,,
30,sapper,-2,,,,
30,monochrome,-2,,,,
30,powercli,cli,power,,,
30,codebase,code,base,,,
30,codereview,code,review,,,
30,codegeneration,code,generation,,,
30,shortcodes,code,,,,
30,corebluetooth,core,bluetooth,,,
30,discordpy,discord,python,,,
30,brewfile,-2,,,,
30,wargame,game,,,,
30,poggit,-2,,,,
30,androidlibrary,library,android,,,
30,easylist,list,easy,,,
30,opening,open,,,,
30,openvswitch,open,switch,,,
30,opencontrail,open,contrail,,,
30,facerecognition,recognition,face,,,
30,postgrest,-2,,,,
30,rubymotion,ruby,motion,,,
30,rubyml,ruby,ml,,,
30,duckyscript,script,ducky,,,
30,uitest,test,ui,,,
30,richtext,text,rich,,,
30,textbox,-2,,,,
30,webgis,web,gis,,,
31,webscrapping,web,scrap,,,
31,blogpost,blog,post,,,
31,uptimerobot,robot,time,,,
31,restclient,-2,,,,
31,googlecloudplatform,cloud,google,platform,,
31,postcode,code,post,,,
31,passcode,code,pass,,,
31,coregraphics,core,graphics,,,
31,datacenter,data,center,,,
31,discordrb,discord,,,,
31,mongoengine,engine,mongo,,,
31,gameoflife,game,,,,
31,webgame,game,web,,,
31,googlecloudplatform,google,cloud,platform,,
31,coregraphics,garphic,core,,,
31,imageprocessing,image,process,,,
31,baseimage,image,base,,,
31,sdwebimage,image,sdweb,,,
31,kline,-2,,,,
31,linechart,line,chart,,,
31,thethingsnetwork,network,,,,
31,googlecloudplatform,platform,google,cloud,,
31,gulpplugin,plugin,gulp,,,
31,imageprocessing,process,image,,,
31,postprocessing,process,post,,,
31,ksql,-2,,,,
31,swiftmailer,swift,mail,,,
31,systematic,system,,,,
31,abtesting,test,ab,,,
31,remotestorage,remote,store,,,
31,spacevim,vim,space,,,
32,spongeapi,api,sponge,,,
32,csapp,-2,,,,
32,errbot,-2,,,,
32,clouddrove,cloud,drove,,,
32,animatecss,css,animate,,,
32,gitmoji,git,moji,,,
32,graphicsmagick,graphic,,,,
32,jsonfeed,json,feed,,,
32,swiftyjson,json,swifty,,,
32,minecraftforge,minecraft,forge,,,
32,openerp,open,erp,,,
32,descriptive,descript,,,,
32,systemc,system,,,,
32,backtest,test,back,,,
33,appdaemon,app,daemon,,,
33,appmetrica,app,metrica,,,
33,azuread,azure,ad,,,
33,fastboot,boot,fast,,,
33,oclif,-2,,,,
33,cloudyr,cloud,,,,
33,transcode,code,trans,,,
33,cssinjs,css,injs,,,
33,geodata,data,geo,,,
33,editors,editor,,,,
33,podfile,file,pod,,,
33,googlenet,google,net,,,
33,hashgraph,graph,hash,,,
33,gpuimage,image,gpu,,,
33,browserslist,list,browsers,,,
33,opennlp,nlp,open,,,
33,opentk,open,tk,,,
33,opennlp,open,nlp,,,
33,manuscript,script,,,,
33,sqlmap,sql,map,,,
33,timeago,time,,,,
33,exiftool,tool,exif,,,
34,papirus,-2,,,,
34,angularfire,angular,fire,,,
34,apigee,-2,,,,
34,telegrambot,bot,telegram,,,
34,bottombar,-2,,,,
34,clips,clip,,,,
34,subcommand,command,sub,,,
34,ncmpcpp,cpp,ncmp,,,
34,ibdesignable,design,,,,
34,videogames,game,videos,,,
34,flamegraph,graph,flame,,,
34,telegraph,graph,tele,,,
34,bibliographic,-2,,,,
34,biostatistics,-2,,,,
34,cmdline,line,cmd,,,
34,lightline,line,light,,,
34,skiplist,list,skip,,,
34,linkedlist,list,linked,,,
34,nativebase,native,base,,,
34,nodered,-2,,,,
34,serviceworker,service,worker,,,
34,telegrambot,telegram,bot,,,
34,timetracking,time,track,,,
34,timezones,time,,,,
34,settimeout,time,,,,
34,videogames,video,game,,,
34,division,-2,,,,
34,webworkers,web,workers,,,
35,appkit,app,kit,,,
35,pyaudio,audio,py,,,
35,bitcoincash,bitcoin,cash,,,
35,aimbot,bot,aim,,,
35,userbot,bot,user,,,
35,botbuilder,bot,builder,,,
35,instabot,bot,insta,,,
35,clipper,clip,,,,
35,cloudcmd,cloud,cmd,,,
35,codepen,code,pen,,,
35,anomalydetection,detection,anomaly,,,
35,gameengine,engine,game,,,
35,fastjson,json,fast,,,
35,trails,-2,,,,
35,transcript,-2,,,,
35,instantsearch,search,instant,,,
35,jobsearch,search,job,,,
35,websql,sql,web,,,
35,mstest,test,ms,,,
35,gvim,vim,,,,
35,websql,web,sql,,,
36,frappe,-2,,,,
36,webapps,app,webs,,,
36,appservice,app,service,,,
36,steambot,bot,steam,,,
36,chromebook,chrome,book,,,
36,clip,-2,,,,
36,cloudstack,cloud,stack,,,
36,topcoder,code,,,,
36,entityframeworkcore,core,entity,framework,,
36,coreference,reference,,,,
36,cpps,-2,,,,
36,dockerized,docker,,,,
36,filebrowser,file,browse,,,
36,activemodel,model,active,,,
36,esmodules,module,es,,,
36,musicplayer,music,player,,,
36,neuralnetwork,network,neural,,,
36,opencensus,open,census,,,
36,ezplatform,platform,,,,
36,routers,router,,,,
36,renderscript,script,render,,,
36,appservice,service,app,,,
36,apktool,tool,apk,,,
36,devtool,tool,dev,,,
36,webchat,web,chat,,,
36,webapps,web,apps,,,
37,vkapi,api,vk,,,
37,flappybird,game,,,,
37,portapps,app,ports,,,
37,approval,-2,,,,
37,audiobook,audio,book,,,
37,bitcoind,bitcoin,,,,
37,robotis,robot,,,,
37,codex,codex,,,,
37,lintcode,code,lint,,,
37,barcodes,barcode,,,,
37,logfile,file,log,,,
37,grapheneos,graph,,,,
37,homography,-2,,,,
37,fasthttp,http,fast,,,
37,curiosity,-2,,,,
37,musicxml,music,xml,,,
37,opensubtitles,open,subtitles,,,
37,openzipkin,open,zipkin,,,
37,openxml,open,xml,,,
37,hamcrest,-2,,,,
37,forestry,-2,,,,
37,sourcemaps,source,maps,,,
37,wakatime,time,waka,,,
37,chaostoolkit,tool,chaos,kit,,
37,webmention,web,mention,,,
38,laws,-2,,,,
38,dotbot,bot,dot,,,
38,cloudkit,cloud,kit,,,
38,opencomputers,computer,open,,,
38,trinitycore,core,trinity,,,
38,jsonnet,json,net,,,
38,jsonb,json,,,,
38,lineage,-2,,,,
38,opencomputers,open,computers,,,
38,openfl,open,fl,,,
38,projections,project,,,,
38,proxypool,proxy,pool,,,
38,vuerouter,router,vue,,,
38,textblob,text,textblob,,,
38,qatools,tools,qa,,,
38,vuerouter,vue,router,,,
39,allalgorithms,algorithm,,,,
39,happy,-2,,,,
39,applicative,-2,,,,
39,chatterbot,bot,chatter,,,
39,clipping,clip,,,,
39,geographical,geographic,,,,
39,httpserver,http,server,,,
39,guzzlehttp,http,guzzle,,,
39,nodebb,node,bb,,,
39,openmrs,open,mrs,,,
39,restaurants,-2,,,,
39,transcriptome,-2,,,,
39,searchable,search,,,,
39,httpserver,server,http,,,
39,springfox,spring,fox,,,
39,testcase,test,case,,,
39,timelapse,time,lapse,,,
39,seotools,tools,seo,,,
39,webcrypto,web,crypto,,,
40,shinyapps,app,shiny,,,
40,microblog,blog,micro,,,
40,cloudnative,cloud,native,,,
40,commando,command,,,,
40,microdata,data,micro,,,
40,pydata,data,python,,,
40,dotnetstandard,dotnet,standard,,,
40,expressionengine,engine,expression,,,
40,lineageos,lineage,os,,,
40,listings,list,,,,
40,listeners,listen,,,,
40,layoutmanager,manager,layout,,,
40,pymysql,mysql,py,,,
40,mysqldump,mysql,dump,,,
40,cloudnative,native,cloud,,,
40,concatenative,concate,,,,
40,timesheet,time,sheet,,,
41,cmsis,-2,,,,
41,coder,-2,,,,
41,materialdesign,design,material,,,
41,devexpress,express,dev,,,
41,aliexpress,express,ali,,,
41,githook,git,hook,,,
41,imageloader,image,loader,,,
41,filterlist,list,filter,,,
41,materialdesign,material,design,,,
41,metamodel,model,meta,,,
41,monodevelop,node,movelop,,,
41,pythonic,python,,,,
41,restfull,rest,full,,,
41,television,tv,,,,
41,provisioner,-2,,,,
41,webpush,web,push,,,
42,requestanimationframe,animation,request,frame,,
42,apiai,api,ai,,,
42,adventofcode,code,,,,
42,codestyle,code,style,,,
42,usercss,css,user,,,
42,purecss,css,pure,,,
42,discordgo,discord,go,,,
42,engineers,engine,ers,,,
42,filepath,file,path,,,
42,flutterwave,flutter,wave,,,
42,codingame,game,code,,,
42,googleplay,google,play,,,
42,vbscript,script,vb,,,
43,reactiveswift,reactive,swift,,,
43,xapi,api,,,,
43,clouds,cloud,,,,
43,codelab,code,lab,,,
43,coredns,core,dns,,,
43,datalog,data,log,,,
43,djangorestframework,django,rest,framework,,
43,filesharing,file,sharing,,,
43,flowframework,framework,django,,,
43,giter,-2,,,,
43,dgraph,graph,3d,,,
43,graphdb,graph,db,,,
43,posthtml,html,post,,,
43,scalatest,scala,test,,,
43,searchview,search,view,,,
43,mailserver,server,mail,,,
43,psql,sql,,,,
43,reactiveswift,swift,reactive,,,
43,scalatest,test,scala,,,
43,webperf,web,perf,,,
44,reactiveui,reactive,ui,,,
44,cryptanalysis,analysis,crypto,,,
44,slackapi,api,slack,,,
44,bootstrapping,bootstrap,,,,
44,appwrite,app,write,,,
44,coreui,core,ui,,,
44,designpatterns,design,pattern,,,
44,fileupload,file,upload,,,
44,iiot,iot,,,,
44,javacript,javascript,,,,
44,openidconnect,open,connect,,,
44,descriptors,discript,,,,
44,searcher,search,,,,
44,geoserver,server,geo,,,
44,gtest,test,,,,
44,latest,-2,,,,
44,webmidi,web,midi,,,
45,pokeapi,api,poke,,,
45,vuecli,cli,vue,,,
45,atcoder,-2,,,,
45,makecode,code,make,,,
45,mediacodec,media,codec,,,
45,purgecss,css,purge,,,
45,dataframes,dataframe,,,,
45,gamejam,game,jam,,,
45,osugame,game,osu,,,
45,gameplay,game,play,,,
45,graphing,graph,,,,
45,eveonline,-2,,,,
45,workmanager,manager,work,,,
45,emnlp,-2,,,,
45,trusted,trust,,,,
45,testcontainers,test,containers,,,
45,texts,text,,,,
45,vuecli,vue,cli,,,
45,webworker,web,worker,,,
45,websphere,web,sphere,,,
45,webpacker,webpack,,,,
46,awesomeness,awesome,,,,
46,euclidean,-2,,,,
46,code-of-conduct,-2,,,,
46,datacamp,data,camp,,,
46,gamecube,game,cube,,,
46,guideline,tutorial,,,,
46,tsql,-2,,,,
46,webfont,web,font,,,
46,uiwebview,web,ui,view,,
47,appcenter,app,center,,,
47,bootable,boot,,,,
47,bootswatch,boot,swatch,,,
47,codejam,code,jam,,,
47,datasette,data,sette,,,
47,deepin,-2,,,,
47,entityframework,framework,entity,,,
47,listing,list,,,,
47,packager,package,,,,
47,websecurity,security,web,,,
47,modsecurity,security,mod,,,
47,eventsource,source,event,,,
47,minitest,test,mini,,,
47,timetracker,time,tracker,,,
47,videoplayer,video,player,,,
47,websecurity,web,security,,,
48,reactstrap,-2,,,,
48,cleanarchitecture,architecture,,,,
48,bencode,code,ben,,,
48,corelocation,core,location,,,
48,netdata,data,net,,,
48,gulpfile,file,gulp,,,
48,projector,project,,,,
48,episerver,server,epi,,,
48,sparksql,sql,spark,,,
48,testrpc,test,rpc,,,
48,visualbasic,visual,basic,,,
49,reacthooks,-2,,,,
49,wrappers,-2,,,,
49,qqbot,bot,qq,,,
49,livecode,code,live,,,
49,itcss,css,,,,
49,gitflow,git,flow,,,
49,graphiql,graph,,,,
49,crystallography,-2,,,,
49,geographic,-2,,,,
49,openvino,open,vino,,,
49,openfoam,open,foam,,,
49,rpackage,package,r,,,
49,restoration,-2,,,,
49,wrappers,wrapper,,,,
50,zappa,-2,,,,
50,awsome,-2,,,,
50,vocoder,-2,,,,
50,computercraft,computer,craft,,,
50,ef-core,core,ef,,,
50,minigame,game,mini,,,
50,gamemode,game,mode,,,
50,z-machine,machine,,,,
50,hmvc,mvc,,,,
50,npmjs,npm,js,,,
50,phpmailer,php,mailer,,,
50,xresources,resource,,,,
50,swiftpm,swift,pm,,,
50,textual,text,,,,
50,supervision,vision,,,,
51,codeship,code,ship,,,
51,computers,computer,,,,
51,cssnext,css,,,,
51,deepwalk,deep,walk,,,
51,indesign,-2,,,,
51,gitbucket,git,gitbucket,,,
51,javacard,java,card,,,
51,musical,music,,,,
51,nodeschool,node,school,,,
51,openal,-2,,,,
51,openflow,open,flow,,,
51,resty,-2,,,,
51,restart,-2,,,,
51,servicestack,service,stack,,,
51,realmswift,swift,realm,,,
51,textrank,text,rank,,,
52,snappy,-2,,,,
52,akkadotnet,dotnet,akka,,,
52,oceanography,-2,,,,
52,xmlhttprequest,http,xml,request,,
52,uiimage,image,ui,,,
52,iothub,iot,hub,,,
52,flatlist,list,flat,,,
52,node2vec,node,vec,,,
52,mitmproxy,proxy,mitm,,,
52,vimscript,script,vim,,,
52,serverside,server,side,,,
52,sqli,sql,,,,
52,unittesting,test,unit,,,
52,tooltips,tool,tips,,,
52,vimscript,vim,script,,,
52,webbrowser,web,browser,,,
52,webmail,web,mail,,,
53,wanandroid,android,wan,,,
53,scrapping,scrap,,,,
53,quizapp,app,quiz,,,
53,climbing,climb,,,,
53,cloudtrail,cloud,trail,,,
53,splines,-2,,,,
53,anilist,-2,,,,
53,openscience,open,science,,,
53,moonscript,script,moon,,,
53,userscripts,script,users,,,
53,identityserver,server,identity,,,
53,contextual,context,,,,
54,objectmapper,object,map,,,
54,mahapps,-2,,,,
54,appointment,-2,,,,
54,appseed,app,seed,,,
54,sourcecode,code,source,,,
54,ueditor,editor,,,,
54,indiegame,game,indie,,,
54,gitea,-2,,,,
54,uiimageview,image,ui,view,,
54,jsonrpc,json,rpc,,,
54,topojson,json,topo,,,
54,outline,-2,,,,
54,searchbar,search,bar,,,
54,sourcecode,source,code,,,
54,webfonts,web,fonts,,,
54,webinterface,web,interface,,,
55,blogdown,blog,,,,
55,chaincode,code,chain,,,
55,graphcool,graph,cool,,,
55,riotjs,riot,js,,,
55,playlists,playlist,,,,
55,knative,native,,,,
55,hyperscript,script,hyper,,,
55,retext,-2,,,,
55,web3j,web,3j,,,
56,capital,-2,,,,
56,imagemin,image,min,,,
56,restricted,rest,ricted,,,
56,subsystem,system,sub,,,
56,uitextview,text,uiview,,,
56,webix,web,,,,
57,cloudera,-2,,,,
57,multicore,core,,,,
57,videogame,game,video,,,
57,testcafe,test,cafe,,,
57,supertest,test,super,,,
58,reactions,reaction,,,,
58,zipcode,-2,,,,
58,parsers,parser,,,,
58,sources,source,,,,
58,toolset,-2,,,,
58,visualize,visual,,,,
59,coreanimation,animation,core,,,
59,appender,-2,,,,
59,coreanimation,core,animation,,,
59,expressive,express,,,,
59,sparkjava,java,spark,,,
59,elearning,learning,,,,
59,interest,-2,,,,
59,virustotal,virus,,,,
60,apidoc,api,doc,,,
60,daysofcode,code,,,,
60,deeplab,deep,lab,,,
60,antdesign,design,ant,,,
60,openjdk,open,jdk,,,
60,opengles,open,gles,,,
60,timeout,-2,,,,
60,vuetifyjs,vue,js,tify,,
61,bottomnavigationview,bottom,navigation,view,,
61,linebot,bot,,,,
61,robotic,robot,,,,
61,cycling,cycle,,,,
61,electronica,electronic,,,,
61,testnet,test,net,,,
61,plaintext,text,plain,,,
61,textarea,text,area,,,
61,setuptools,tool,setup,,,
61,tarantool,tool,taran,,,
62,demonstration,-2,,,,
62,boardgame,game,board,,,
62,transcriptomics,-2,,,,
62,springsecurity,security,spring,,,
62,xctest,test,,,,
62,contextmenu,contex,menu,,,
62,webxr,web,,,,
63,clicker,click,,,,
63,geocode,code,geo,,,
63,databricks,data,brick,,,
63,dockerhub,docker,hub,,,
63,jsonpath,json,path,,,
63,airline,line,air,,,
63,afnetworking,network,,,,
63,scalaz,scala,,,,
63,revision,revision,,,,
64,appsec,-2,,,,
64,clion,-2,,,,
64,codeception,-2,,,,
64,puredata,data,,,,
64,bios,-2,,,,
64,blocklists,list,block,,,
64,linode,-2,,,,
65,bbcode,code,bb,,,
65,descriptor,discript,,,,
66,codemod,code,mod,,,
66,datapack,data,pack,,,
66,downloadmanager,manager,download,,,
66,openpose,open,pose,,,
66,wxpython,python,,,,
66,restructuredtext,text,structure,,,
66,jruby,ruby,,,,
66,fulltext,text,,,,
67,bootcatch,boot,catch,,,
67,codeclimate,code,climate,,,
67,designs,design,,,,
67,engines,engine,,,,
67,imagej,image,,,,
67,spline,-2,,,,
67,listen,-2,,,,
67,masternode,node,master,,,
67,openldap,open,ldap,,,
67,openssh,open,ssh,,,
67,rubyonrails,-2,,,,
67,webshell,shell,web,,,
67,webauthn,web,authn,,,
68,bottle,-2,,,,
68,dnncms,cms,dnn,,,
68,codepipeline,code,pipeline,,,
68,deepmind,deep,deepmind,,,
68,microprofile,-2,,,,
68,imagepicker,image,picker,,,
68,polyline,line,poly,,,
68,blocklist,list,block,,,
68,openpgp,open,pgp,,,
68,openbox,open,box,,,
68,circuitpython,python,,,,
68,cpython,python,,,,
68,oscript,script,,,,
69,computervision,computer,vision,,,
69,qlearning,learning,,,,
69,textlint,text,lint,,,
69,provision,-2,,,,
69,webm,-2,,,,
70,webapplication,application,web,,,
70,pointcloud,cloud,point,,,
70,commander,command,,,,
70,unityd,unity,3d,,,
70,webdev,web,dev,,,
71,cloudant,cloud,,,,
71,webdesign,design,web,,,
71,musicbrainz,-2,,,,
71,cnode,node,,,,
71,phpcs,php,,,,
71,crossplatform,platform,cross,,,
71,systemjs,system,js,,,
71,webdesign,web,design,,,
72,reactivecocoa,-2,,,,
72,chatapp,app,chat,,,
72,codebuild,code,build,,,
72,underscore,-2,,,,
72,vagrantfile,file,vagrant,,,
72,gameserver,game,server,,,
72,baseline,-2,,,,
72,extendscript,script,extend,,,
72,gameserver,server,game,,,
72,textmate,text,,,,
73,reaction,-2,,,,
73,qcloud,cloud,,,,
73,wkhtmltopdf,html,pdf,,,
73,phpstan,php,stan,,,
73,pgsql,pgsql,,,,
74,approximate,-2,,,,
74,owncloud,cloud,own,,,
74,digits,digit,,,,
75,pulseaudio,audio,pulse,,,
75,bottomsheet,-2,,,,
75,opentok,open,tok,,,
75,openvr,open,vr,,,
76,betterdiscord,discord,better,,,
76,unrealengine,engine,unreal,,,
76,jsonschema,json,schema,,,
76,geopackage,package,geo,,,
76,webex,web,ex,,,
77,miniapp,app,mini,,,
77,applied,-2,,,,
77,turtlebot,bot,turtle,,,
77,codegenerator,code,generator,,,
77,datavisualization,data,visual,,,
77,filebeat,file,beat,,,
77,codegenerator,generator,code,,,
77,jsonp,json,,,,
77,multilanguage,language,multi,,,
77,plist,list,,,,
77,servicenow,service,,,,
77,uitextfield,text,ui,field,,
78,pythonista,python,,,,
79,webcomponent,component,web,,,
79,corenlp,core,nlp,,,
79,opengraph,graph,open,,,
79,webcomponent,web,component,,,
80,automapper,-2,,,,
80,shapefile,file,shape,,,
80,microframework,framework,micro,,,
80,gitops,-2,,,,
80,opensuse,-2,,,,
80,amphp,php,,,,
80,idapython,python,ida,,,
80,escalation,-2,,,,
80,sciences,science,,,,
81,appimage,app,image,,,
81,openui,open,ui,,,
82,leancloud,cloud,lean,,,
82,jenkinsfile,file,jenkins,,,
82,routeros,router,os,,,
82,datetimepicker,time,datepicker,,,
83,javascipt,javascript,,,,
83,appmon,app,monitor,,,
83,clients,client,,,,
83,efcore,core,ef,,,
83,datamining,data,mining,,,
83,netframework,framework,net,,,
83,rustlang,rust,lang,,,
83,description,describe,,,,
83,textbook,text,book,,,
83,webdriverio,web,driver,io,,
84,botkit,bot,kit,,,
84,scores,score,,,,
84,logitech,-2,,,,
84,cryptographic,cryptography,,,,
84,presto,-2,,,,
84,textures,texture,,,,
84,javaweb,web,java,,,
85,icloud,cloud,,,,
85,dataloader,data,loader,,,
85,htmlwidgets,html,widget,,,
85,mysqli,mysql,,,,
85,restify,-2,,,,
85,mysqli,mysql,,,,
86,engineer,-2,,,,
86,cartography,-2,,,,
86,readline,line,read,,,
87,herokuapp,app,heroku,,,
87,imageboard,image,board,,,
87,shellscript,script,shell,,,
87,javscript,javascript,,,,
87,shellscript,shell,script,,,
88,hostsfile,file,hosts,,,
88,geography,graph,geoy,,,
88,webcrawler,web,crawler,,,
88,webosose,-2,,,,
89,botnet,bot,net,,,
89,nodes,node,,,,
89,sourcepawn,source,pawn,,,
90,blogger,blog,ger,,,
91,rcpp,-2,,,,
91,gitter,-2,,,,
92,editorconfig,editor,config,,,
92,longitude,git,lonude,,,
92,correios,ios,corre,,,
92,alertmanager,manager,alert,,,
93,awesomewm,awesome,wm,,,
93,datastructure,data,structure,,,
93,filemaker,file,maker,,,
93,javadoc,java,doc,,,
93,nodemailer,node,mailer,,,
93,timepicker,time,picker,,,
94,sketchapp,app,sketch,,,
94,cloudinary,cloud,,,,
94,bibliography,-2,,,,
94,geoscience,science,geo,,,
95,homeautomation,automate,home,,,
95,selfbot,bot,self,,,
95,chromedriver,chrome,driver,,,
95,touchdesigner,design,touch,,,
95,ckeditor,editor,ck,,,
95,kiosk,-2,,,,
96,tester,test,,,,
97,gcloud,cloud,,,,
97,godotengine,engine,godot,,,
97,trust,-2,,,,
97,webui,web,ui,,,
97,webstorm,web,storm,,,
98,codecov,code,cov,,,
98,openscad,open,scad,,,
99,wordcloud,cloud,word,,,
99,tomography,graph,tomoy,,,
99,ab-testing,test,ab-ing,,,
100,pimcore,core,pim,,,
100,minimalistic,-2,,,,
100,webtorrent,web,torrent,,,
101,approximation,-2,,,,
101,scoreboard,-2,,,,
101,systemverilog,system,verilog,,,
101,webscraper,web,scraper,,,
102,rxkotlin,kotlin,rx,,,
102,gdscript,script,gd,,,
103,datagrid,-2,,,,
103,whitelist,-2,,,,
104,flysystem,system,,,,
104,gettext,text,get,,,
104,uptime,time,,,,
105,hashcode,code,hash,,,
105,opentype,open,type,,,
105,backtesting,test,back,,,
105,times,time,,,,
106,applet,-2,,,,
106,configurations,configuration,,,,
106,wkwebview,web,wk,view,,
107,intersystems,system,,,,
108,newsapi,api,news,,,
108,robotframework,robot,framework,,,
108,shortcode,code,short,,,
108,decode,decode,,,,
109,coreos,-2,,,,
109,dotfile,file,dot,,,
110,restapi,api,rest,,,
110,httpd,http,,,,
110,textfield,text,field,,,
111,hyperapp,app,hyper,,,
111,architectures,architecture,,,,
112,cloudfoundry,-2,,,,
112,pinterest,-2,,,,
113,reactivex,-2,,,,
113,wordlist,list,word,,,
113,speedtest,test,speed,,,
114,encode,-2,,,,
114,demoscene,demo,scene,,,
114,modelica,model,,,,
114,projection,project,,,,
114,mruby,ruby,,,,
114,tensorflowjs,tensorflow,js,,,
115,nodemon,-2,,,,
115,transcription,-2,,,,
117,reactphp,-2,,,,
117,scrapper,-2,,,,
117,dotnetnuke,dotnet,nuke,,,
117,powerline,-2,,,,
117,reactphp,php,react,,,
117,videojs,video,js,,,
118,certbot,bot,cert,,,
118,codewars,code,war,,,
118,odata,data,,,,
118,webextensions,extension,web,,,
119,codemirror,code,mirror,,,
119,timestamp,-2,,,,
120,bootcamp,camp,,,,
120,gitconfig,git,config,,,
120,myanimelist,list,anime,,,
120,grails,-2,,,,
121,appveyor,app,veyor,,,
122,flappy,-2,,,,
122,codechef,code,chef,,,
122,democracy,-2,,,,
122,jsonwebtoken,json,web,token,,
122,todomvc,mvc,To-do,,,
123,bottom,-2,,,,
123,arcore,core,,,,
123,networkx,network,x,,,
124,rapid,-2,,,,
124,graphene,graph,,,,
125,gamepad,game,pad,,,
125,googlemaps,google,map,,,
126,shellcode,code,shell,,,
126,webframework,framework,web,,,
126,platformer,platform,,,,
126,shellcode,shell,code,,,
126,webframework,web,framework,,,
127,gamemaker,game,make,,,
127,checklist,checklist,list,,,
128,capistrano,-2,,,,
128,jsonapi,api,json,,,
128,appsync,app,sync,,,
128,jsonapi,json,api,,,
128,preprocessing,process,,,,
129,profiles,profile,,,,
131,cloudfront,cloudfront,cloud,,,
131,imageview,image,view,,,
133,discordapp,app,discord,,,
133,discordapp,discord,app,,,
134,electronjs,electron,js,,,
135,neoscms,cms,neos,,,
135,multiprocessing,process,,,,
135,restore,-2,,,,
135,edittext,text,edit,,,
135,visualizations,visual,,,,
135,webos,web,os,,,
136,ecosystem,-2,,,,
138,fasttext,fasttetx,text,,,
138,timers,time,,,,
139,openfaas,open,faas,,,
140,openhab,open,hab,,,
141,gcode,code,,,,
142,datasource,data,source,,,
142,phpmyadmin,php,myadmin,,,
142,datasource,data,,,,
143,clickhouse,-2,,,,
144,openlayers,open,layer,,,
144,plsql,-2,,,,
145,fontawesome,font,,,,
145,geocoder,coder,geo,,,
145,datatable,datatable,,,,
146,chromecast,chrome,cast,,,
146,webpage,web,page,,,
149,visualstudio,visual,studio,,,
150,boto,-2,,,,
150,springframework,framework,spring,,,
151,winapi,api,win,,,
151,lines,line,,,,
151,scalability,scale,,,,
152,datastore,-2,,,,
152,wikidata,data,wiki,,,
152,shortest,-2,,,,
153,webdav,-2,,,,
154,apigateway,api,gateway,,,
154,dapps,-2,,,,
154,blogs,blog,,,,
154,webp,-2,,,,
155,ibmcode,code,ibm,,,
155,freecodecamp,code,freecamp,,,
155,materialize,material,,,,
155,mpvue,vue,mp,,,
156,androidx,android,,,,
156,frameworks,framework,,,,
156,apollographql,graph,,,,
156,thinkphp,php,think,,,
156,searching,search,,,,
156,timetable,-2,,,,
157,electronic,-2,,,,
157,digit,-2,,,,
158,autoencoders,encoder,auto,,,
158,scalable,scale,,,,
158,vimeo,-2,,,,
159,sitecore,core,site,,,
159,gitignore,git,ignore,,,
161,testng,test,,,,
162,contest,-2,,,,
163,riot,-2,,,,
163,alternative,-2,,,,
165,webkit,-2,,,,
167,openweathermap,map,weather,,,
167,viml,vim,,,,
168,filemanager,file,manager,,,
169,hapijs,-2,,,,
169,designer,design,,,,
170,appstore,app,store,appstore,,
172,discordbot,bot,discord,,,
172,blacklist,-2,,,,
173,coredata,core,data,,,
173,playframework,framework,play,,,
173,nonlinear,-2,,,,
173,actionscript,script,action,,,
174,clinical,-2,,,,
174,datadog,-2,,,,
177,applescript,apple,script,,,
177,webservices,service,web,,,
178,webflux,web,flux,,,
179,appcelerator,-2,,,,
179,httpclient,client,http,,,
179,monogame,game,,,,
179,provisioning,provision,,,,
181,restaurant,-2,,,,
181,contests,contest,,,,
182,servers,server,,,,
183,dockerfiles,docker,file,,,
183,graphite,-2,,,,
183,multimedia,media,,,,
183,nvim,-2,,,,
184,openbsd,open,bsd,,,
184,indieweb,web,indie,,,
185,textpattern,text,pattern,,,
187,platformio,platform,io,,,
188,dapper,-2,,,,
189,webdevelopment,develop,web,,,
190,toolchain,-2,,,,
191,openresty,open,resty,,,
192,todoapp,app,To-do,,,
195,codec,-2,,,,
196,subscriptions,subscription,,,,
198,haproxy,proxy,ha,,,
198,subscription,-2,,,,
199,discordjs,discord,js,,,
199,steganography,-2,,,,
200,imagenet,-2,,,,
200,openwhisk,-2,,,,
200,toolbar,-2,,,,
203,unittest,test,unit,,,
204,reactor,-2,,,,
204,textview,text,view,,,
205,imagery,image,,,,
206,chatbots,bot,chat,,,
207,guidelines,tutorial,,,,
209,multiplatform,platform,,,,
210,bootloader,boot,loader,,,
210,tooltip,-2,,,,
211,phpbb,php,,,,
212,dataframe,-2,,,,
215,metaprogramming,program,meta,,,
218,bucklescript,script,buckle,,,
218,timezone,time,,,,
219,androidstudio,android,studio,,,
222,dataviz,data,viz,,,
222,imagemagick,image,,,,
223,opentracing,-2,,,,
224,dataflow,-2,,,,
224,phpstorm,php,storm,,,
225,iota,-2,,,,
225,rubygems,ruby,,,,
226,materializecss,css,material,,,
226,raspberry-pi,-2,,,,
227,blogging,blog,,,,
227,codegen,code,gen,,,
227,score,core,,,,
227,rstudio,studio,r,,,
228,scalajs,scala,js,,,
229,webaudio,audio,web,,,
229,click,-2,,,,
233,reactnative,-2,,,,
234,generators,generator,,,,
235,opencart,-2,,,,
236,listener,-2,,,,
238,sourcemod,source,mod,,,
239,bashrc,bash,rc,,,
240,codeforces,-2,,,,
241,slackbot,bot,slack,,,
243,emscripten,-2,,,,
244,graphical,graphic,,,,
244,openmp,open,mp,,,
247,openframeworks,framework,open,,,
247,tooling,tool,,,,
248,datatables,data,table,,,
248,minimalist,-2,,,,
248,springmvc,mvc,spring,,,
249,profiler,-2,,,,
252,rxandroid,android,rx,,,
253,wxapp,app,wx,,,
253,digitalocean,-2,,,,
254,springcloud,-2,,,,
254,webvr,web,vr,,,
255,rmarkdown,markdown,,,,
259,algorithmic,algorithm,,,,
261,rubygem,ruby,,,,
263,nearest,-2,,,,
263,mssql,sql,microsoft,,,
266,nodemcu,node,mcu,,,
266,webcam,-2,,,,
268,soundcloud,-2,,,,
272,photography,-2,,,,
273,octobercms,cms,october,,,
274,listview,list,view,,,
275,observer,server,ob,,,
277,robots,robot,,,,
279,typography,-2,,,,
279,websites,website,,,,
280,appengine,app,engine,,,
280,inline,-2,,,,
281,appium,-2,,,,
282,webscraping,web,scrap,,,
282,machines,machine,,,,
283,aiohttp,http,aio,,,
284,probabilistic,-2,,,,
291,graphviz,graph,,,,
292,coreml,core,ml,,,
292,sqlserver,server,sql,,,
295,swiftui,swift,ui,,,
296,webservice,web,service,,,
297,mapper,map,,,,
297,cloudwatch,cloud,watch,,,
297,nextcloud,-2,,,,
300,vuepress,vue,press,,,
301,mobilenet,mobile,net,,,
301,texture,-2,,,,
304,datascience,data,science,,,
304,pytest,test,py,,,
307,commandline,commandline,,,,
316,cybersecurity,security,cyber,,,
317,ecmascript,script,ecma,,,
318,vuetify,vue,,,,
323,pipelines,pipeline,,,,
326,demos,demo,,,,
326,openid,-2,,,,
328,prestashop,-2,,,,
329,probot,-2,,,,
329,openwrt,open,wrt,,,
331,nagios,-2,,,,
335,expressions,expression,,,,
335,cakephp,php,cake,,,
337,ipython,python,,,,
338,bytecode,code,byte,,,
340,apis,-2,,,,
343,visualisation,visual,,,,
345,tailwindcss,css,tailwind,,,
347,phpunit,php,unit,,,
350,viewmodel,model,view,,,
352,modelling,model,,,,
354,todolist,list,To-do,,,
354,timeseries,time,serie,,,
355,datetime,time,date,,,
357,bigdata,-2,,,,
358,hapi,-2,,,,
359,climate,-2,,,,
360,electronics,electronic,,,,
360,projects,project,,,,
361,micropython,python,,,,
361,purescript,script,,,,
363,openssl,open,ssl,,,
364,minetest,test,,,,
365,timeline,line,time,,,
367,hubot,bot,hu,,,
372,neuroscience,science,neuro,,,
372,systemd,system,,,,
377,userscript,script,user,,,
381,webview,web,view,,,
383,gitbook,git,book,,,
384,macosx,-2,,,,
385,weapp,app,,,,
387,javaee,java,ee,,,
388,livedata,data,live,,,
389,databases,database,,,,
389,opendata,data,open,,,
394,openvpn,open,vpn,,,
396,webextension,web,extension,,,
399,databinding,data,bind,,,
399,machinelearning,machine,learning,,,
400,webhooks,webhook,,,,
403,archlinux,-2,,,,
405,openai,openai,ai,,,
407,videos,video,,,,
411,clipboard,-2,,,,
417,datasets,dataset,,,,
418,geojson,json,geo,,,
422,rxswift,swift,rx,,,
423,coffeescript,script,coffee,,,
425,opencl,-2,,,,
426,openstack,-2,,,,
429,pygame,game,python,,,
439,makefile,file,make,,,
443,playlist,list,play,,,
444,codes,code,,,,
444,lists,list,,,,
456,cloudflare,-2,,,,
460,commands,command,,,,
464,visualizer,visual,,,,
478,webapi,web,api,,,
484,toolbox,tool,,,,
485,okhttp,-2,,,,
487,barcode,-2,,,,
490,autoencoder,encoder,auto,,,
494,nativescript,native,script,,,
494,webserver,web,server,,,
496,gameboy,game,boy,,,
500,datastructures,-2,,,,
502,forest,-2,,,,
524,sqlalchemy,sql,alchemy,,,
538,graphs,graph,,,,
550,webcomponents,component,web,,,
550,languages,language,,,,
551,pentest,test,pen,,,
555,preact,-2,,,,
575,firestore,-2,,,,
580,devtools,tool,dev,,,
597,encoder,-2,,,,
601,raspberrypi,Raspberry-pi,,,,
602,runtime,-2,,,,
605,craftcms,cms,craft,,,
605,decoder,-2,,,,
605,context,-2,,,,
606,openstreetmap,-2,,,,
608,graphic,-2,,,,
620,nosql,-2,,,,
624,nanodegree,-2,,,,
633,dotnetcore,core,dotnet,,,
633,webdriver,web,driver,,,
645,webhook,web,hook,,,
646,openshift,open,shift,,,
650,clojurescript,script,clojure,,,
659,bots,bot,,,,
668,pentesting,test,pen,,,
676,aspnetcore,core,aspnet,,,
677,whatsapp,-2,,,,
683,eclipse,-2,,,,
683,unicode,-2,,,,
686,cloudformation,cloud,formation,,,
688,profile,-2,,,,
693,webassembly,web,assembly,,,
695,vimrc,vim,rc,,,
716,resource,resource,,,,
725,toolkit,tool,kit,,,
745,codeigniter,code,igniter,,,
749,timer,-2,,,,
772,animations,animation,,,,
800,qrcode,code,qr,,,
814,netcore,core,net,,,
816,themes,theme,,,,
818,mapping,map,,,,
844,deeplearning,learning,deep,,,
850,r-package,package,r,,,
854,ruby-on-rails,-2,,,,
872,scripting,script,,,,
878,gamedev,game,dev,,,
879,offline,-2,,,,
890,https,http,,,,
893,packages,package,,,,
894,openapi,open,api,,,
902,materials,material,,,,
940,postcss,css,post,,,
957,resources,resource,,,,
981,dapp,-2,,,,
984,neovim,vim,neo,,,
997,metadata,-2,,,,
1011,expression,-2,,,,
1030,gitlab,git,lab,gitlab,,
1037,tests,test,,,,
1044,tutorials,tutorial,,,,
1051,scraping,-2,,,,
1075,springboot,spring,boot,springboot,,
1078,webrtc,web,rtc,,,
1081,websockets,web,socket,websocket,,
1082,opensource,-2,,,,
1094,apple,-2,,,,
1094,filesystem,file,system,,,
1107,applications,application,,,,
1128,javafx,java,fx,,,
1148,dockerfile,docker,file,,,
1153,axios,-2,,,,
1201,templates,template,,,,
1219,digital,-2,,,,
1222,games,game,,,,
1263,linear,-2,,,,
1265,sentiment,-2,,,,
1265,realtime,-2,,,,
1307,robot,robot,,,,
1322,modeling,model,,,,
1327,community,-2,,,,
1344,extensions,extension,,,,
1359,leetcode,code,leet,,,
1436,webgl,web,gl,,,
1478,networking,network,,,,
1509,webapp,app,web,,,
1512,scss,scss,,,,
1570,pipeline,-2,,,,
1661,microservices,service,micro,,,
1672,online,-2,,,,
1698,services,service,,,,
1699,expressjs,express,js,,,
1741,microservice,service,micro,,,
1755,chatbot,bot,chat,,,
1763,reactive,-2,,,,
1782,vuex,-2,,,,
1786,xcode,-2,,,,
1825,modules,module,,,,
1854,research,-2,,,,
1917,robotics,robotic,,,,
1917,restful,-2,,,,
1941,angularjs,angular,js,,,
1968,scripts,script,,,,
1978,sqlite,-2,,,,
1999,cryptography,-2,,,,
2012,images,image,,,,
2076,opengl,-2,,,,
2095,dataset,-2,,,,
2105,models,model,,,,
2106,apps,app,,,,
2129,rxjava,java,rx,,,
2141,plugins,plugin,,,,
2171,powershell,-2,,,,
2183,websocket,-2,,,,
2344,graphics,-2,,,,
2374,elasticsearch,-2,,,,
2429,files,file,,,,
2574,engineering,engineer,,,,
2709,systems,system,,,,
2909,postgresql,-2,,,,
